ACCELEROMETER X (m/s²),ACCELEROMETER Y (m/s²),ACCELEROMETER Z (m/s²),PROXIMITY (m),LOCATION Latitude : ,LOCATION Longitude : ,LOCATION Altitude ( m),LOCATION Altitude-google ( m),LOCATION Speed ( Kmh),LOCATION Accuracy ( m),LOCATION ORIENTATION (°),Satellites in range,Time since start in ms ,YYYY-MO-DD HH-MI-SS_SSS
-1.704672,0.814029,7.311892,8.0,49.8449,24.03956,360.0,NaN,5.22,11.0,283.1,0 / 0,25,2020-03-19 20:37:56:337
4.362236,-7.589619,4.52983,8.0,49.8449,24.03956,360.0,NaN,5.22,11.0,283.1,0 / 2,525,2020-03-19 20:37:56:837
2.39899,-3.514688,-3.840299,8.0,49.8449,24.03956,360.0,NaN,5.22,11.0,283.1,0 / 2,1025,2020-03-19 20:37:57:337
10.371682,-11.731588,1.302446,0.0,49.8449,24.03956,360.0,NaN,5.22,11.0,283.1,0 / 6,1525,2020-03-19 20:37:57:837
3.548207,-9.394848,5.88016,0.0,49.8449,24.03956,360.0,NaN,5.22,11.0,283.1,0 / 6,2025,2020-03-19 20:37:58:337
1.163582,-8.408437,1.532289,0.0,49.8449,24.03956,360.0,NaN,5.22,11.0,283.1,0 / 9,2525,2020-03-19 20:37:58:837
0.196325,-6.521805,-2.145205,0.0,49.843025,24.040066,347.8,NaN,,25.140999,,0 / 9,3025,2020-03-19 20:37:59:337
0.933739,-8.164227,-2.322375,0.0,49.843025,24.040066,347.8,NaN,,25.140999,,0 / 11,3525,2020-03-19 20:37:59:837
3.62961,-11.109096,-0.632069,0.0,49.843025,24.040066,347.8,NaN,,25.140999,,0 / 11,4025,2020-03-19 20:38:00:337
0.972046,-12.732365,-4.352658,0.0,49.843025,24.040066,347.8,NaN,,25.140999,,0 / 14,4525,2020-03-19 20:38:00:837
-3.141193,-13.52724,-3.045424,0.0,49.843025,24.040066,347.8,NaN,,25.140999,,0 / 14,5025,2020-03-19 20:38:01:337
1.786075,-5.386954,-0.493206,0.0,49.843025,24.040066,347.8,NaN,,25.140999,,0 / 16,5526,2020-03-19 20:38:01:838
3.193865,-7.149086,-1.939303,0.0,49.843212,24.040123,345.0,NaN,4.5,10.5,57.9,14 / 15,6025,2020-03-19 20:38:02:337
0.905008,-5.712565,-1.805228,0.0,49.843212,24.040123,345.0,NaN,4.5,10.5,57.9,11 / 14,6525,2020-03-19 20:38:02:837
-2.767697,-11.980585,-2.738967,0.0,49.843212,24.040123,345.0,NaN,4.5,10.5,57.9,15 / 19,7025,2020-03-19 20:38:03:337
-5.511452,-14.772224,-2.006341,0.0,49.843212,24.040123,345.0,NaN,4.5,10.5,57.9,15 / 19,7525,2020-03-19 20:38:03:837
-10.007763,-12.607866,-9.351752,0.0,49.843212,24.040123,345.0,NaN,4.5,10.5,57.9,16 / 21,8025,2020-03-19 20:38:04:337
-2.87783,-7.915231,-2.628833,0.0,49.843212,24.040123,345.0,NaN,4.5,10.5,57.9,16 / 21,8525,2020-03-19 20:38:04:837
-0.277727,-6.646304,-2.777274,0.0,49.843212,24.040123,345.0,NaN,4.5,10.5,57.9,19 / 22,9025,2020-03-19 20:38:05:337
-4.539406,-13.79539,-1.742979,0.0,49.843212,24.040123,345.0,NaN,4.5,10.5,57.9,19 / 22,9525,2020-03-19 20:38:05:837
-2.341529,-10.730812,0.009577,0.0,49.843212,24.040123,345.0,NaN,4.5,10.5,57.9,20 / 22,10025,2020-03-19 20:38:06:337
12.612655,3.15077,3.031059,0.0,49.843212,24.040123,345.0,NaN,4.5,10.5,57.9,20 / 22,10525,2020-03-19 20:38:06:837
-0.3304,-10.692505,-1.460463,0.0,49.843212,24.040123,345.0,NaN,4.5,10.5,57.9,18 / 22,11025,2020-03-19 20:38:07:337
0.493206,-3.471592,-0.129287,0.0,49.843212,24.040123,345.0,NaN,4.5,10.5,57.9,18 / 22,11526,2020-03-19 20:38:07:838
-4.984728,-11.334151,-2.671929,0.0,49.843212,24.040123,345.0,NaN,4.5,10.5,57.9,18 / 22,12026,2020-03-19 20:38:08:338
-0.679953,-11.707646,0.761356,0.0,49.843212,24.040123,345.0,NaN,4.5,10.5,57.9,18 / 22,12525,2020-03-19 20:38:08:837
2.576161,-19.34036,-9.380483,0.0,49.843212,24.040123,345.0,NaN,4.5,10.5,57.9,20 / 22,13025,2020-03-19 20:38:09:337
-3.20823,-12.263102,0.033519,0.0,49.843212,24.040123,345.0,NaN,4.5,10.5,57.9,20 / 22,13526,2020-03-19 20:38:09:838
-1.671153,-9.801862,-5.468356,0.0,49.843212,24.040123,345.0,NaN,4.5,10.5,57.9,18 / 22,14025,2020-03-19 20:38:10:337
-4.079719,-7.359776,-3.351882,0.0,49.843212,24.040123,345.0,NaN,4.5,10.5,57.9,18 / 22,14525,2020-03-19 20:38:10:837
0.057461,-4.994304,0.885855,0.0,49.843212,24.040123,345.0,NaN,4.5,10.5,57.9,17 / 22,15025,2020-03-19 20:38:11:337
-3.701436,-10.864887,-1.455675,0.0,49.843212,24.040123,345.0,NaN,4.5,10.5,57.9,17 / 22,15525,2020-03-19 20:38:11:837
-0.316035,-14.092271,4.826711,0.0,49.843212,24.040123,345.0,NaN,4.5,10.5,57.9,15 / 22,16025,2020-03-19 20:38:12:337
-6.947973,-14.920665,-3.663128,0.0,49.843212,24.040123,345.0,NaN,4.5,10.5,57.9,15 / 22,16525,2020-03-19 20:38:12:837
-5.099649,-11.535264,-1.881842,0.0,49.843212,24.040123,345.0,NaN,4.5,10.5,57.9,14 / 23,17026,2020-03-19 20:38:13:338
-2.30801,-4.046201,-6.287173,0.0,49.843212,24.040123,345.0,NaN,4.5,10.5,57.9,14 / 23,17525,2020-03-19 20:38:13:837
-4.290409,-6.459556,-0.727837,0.0,49.843212,24.040123,345.0,NaN,4.5,10.5,57.9,14 / 23,18025,2020-03-19 20:38:14:337
1.580173,-2.571372,0.608127,0.0,49.843212,24.040123,345.0,NaN,4.5,10.5,57.9,14 / 23,18526,2020-03-19 20:38:14:838
-2.413355,-8.748413,-2.145205,0.0,49.843212,24.040123,345.0,NaN,4.5,10.5,57.9,14 / 24,19025,2020-03-19 20:38:15:337
-2.197877,-14.221559,-5.501875,0.0,49.843212,24.040123,345.0,NaN,4.5,10.5,57.9,14 / 24,19525,2020-03-19 20:38:15:837
15.2367,-1.182736,-0.076614,0.0,49.843212,24.040123,345.0,NaN,4.5,10.5,57.9,12 / 24,20026,2020-03-19 20:38:16:338
-4.568136,-11.75553,0.287304,0.0,49.843212,24.040123,345.0,NaN,4.5,10.5,57.9,12 / 24,20525,2020-03-19 20:38:16:837
-1.61848,-3.993528,-3.256114,0.0,49.843212,24.040123,345.0,NaN,4.5,10.5,57.9,15 / 24,21026,2020-03-19 20:38:17:338
-3.275268,-7.589619,-1.043872,0.0,49.843212,24.040123,345.0,NaN,4.5,10.5,57.9,15 / 24,21525,2020-03-19 20:38:17:837
-2.394202,-12.325351,-3.203442,0.0,49.843212,24.040123,345.0,NaN,4.5,10.5,57.9,12 / 24,22026,2020-03-19 20:38:18:338
-0.402226,-8.863335,-1.173159,0.0,49.843212,24.040123,345.0,NaN,4.5,10.5,57.9,12 / 24,22525,2020-03-19 20:38:18:837
-1.503559,-12.550406,0.727837,0.0,49.843212,24.040123,345.0,NaN,4.5,10.5,57.9,15 / 24,23025,2020-03-19 20:38:19:337
-1.249773,-5.971139,-10.43872,0.0,49.843212,24.040123,345.0,NaN,4.5,10.5,57.9,15 / 24,23525,2020-03-19 20:38:19:837
-7.31668,-11.295844,-5.386954,0.0,49.843212,24.040123,345.0,NaN,4.5,10.5,57.9,13 / 24,24025,2020-03-19 20:38:20:337
2.504335,-2.964022,0.057461,0.0,49.843212,24.040123,345.0,NaN,4.5,10.5,57.9,13 / 24,24526,2020-03-19 20:38:20:838
-6.019023,-8.513782,-0.857124,0.0,49.843212,24.040123,345.0,NaN,4.5,10.5,57.9,15 / 24,25025,2020-03-19 20:38:21:337
0.301669,-14.211981,-5.358223,0.0,49.843212,24.040123,345.0,NaN,4.5,10.5,57.9,15 / 24,25525,2020-03-19 20:38:21:837
8.264784,-1.369483,6.047754,0.0,49.843212,24.040123,345.0,NaN,4.5,10.5,57.9,16 / 24,26026,2020-03-19 20:38:22:338
-2.384625,-13.110648,-1.628057,0.0,49.843212,24.040123,345.0,NaN,4.5,10.5,57.9,16 / 24,26525,2020-03-19 20:38:22:837
-2.298433,-17.252617,-16.515203,0.0,49.843212,24.040123,345.0,NaN,4.5,10.5,57.9,16 / 23,27025,2020-03-19 20:38:23:337
-5.640739,-10.065224,-2.030283,0.0,49.843212,24.040123,345.0,NaN,4.5,10.5,57.9,16 / 23,27525,2020-03-19 20:38:23:837
2.044648,-3.787627,1.063026,0.0,49.843212,24.040123,345.0,NaN,4.5,10.5,57.9,17 / 23,28025,2020-03-19 20:38:24:337
-1.312023,-8.839393,-1.68073,0.0,49.843212,24.040123,345.0,NaN,4.5,10.5,57.9,17 / 23,28526,2020-03-19 20:38:24:838
4.644751,-16.79293,2.887407,0.0,49.843212,24.040123,345.0,NaN,4.5,10.5,57.9,15 / 22,29025,2020-03-19 20:38:25:337
-7.455544,-17.506401,-15.05474,0.0,49.843212,24.040123,345.0,NaN,4.5,10.5,57.9,15 / 22,29526,2020-03-19 20:38:25:838
-8.896853,-13.115437,-2.422932,0.0,49.843212,24.040123,345.0,NaN,4.5,10.5,57.9,16 / 22,30025,2020-03-19 20:38:26:337
2.973599,-4.271256,1.206678,0.0,49.843212,24.040123,345.0,NaN,4.5,10.5,57.9,16 / 22,30526,2020-03-19 20:38:26:838
2.375048,-10.453085,-2.719813,0.0,49.843212,24.040123,345.0,NaN,4.5,10.5,57.9,16 / 22,31025,2020-03-19 20:38:27:337
0.316035,-15.035586,5.43005,0.0,49.843212,24.040123,345.0,NaN,4.5,10.5,57.9,16 / 22,31525,2020-03-19 20:38:27:837
-4.089296,-7.455544,0.679953,0.0,49.843212,24.040123,345.0,NaN,4.5,10.5,57.9,16 / 22,32025,2020-03-19 20:38:28:337
0.411803,-13.01488,-5.770026,0.0,49.843212,24.040123,345.0,NaN,4.5,10.5,57.9,16 / 22,32525,2020-03-19 20:38:28:837
1.254562,-7.096413,-10.764331,0.0,49.843212,24.040123,345.0,NaN,4.5,10.5,57.9,15 / 22,33026,2020-03-19 20:38:29:338
-5.200206,-10.912771,-6.943185,0.0,49.843212,24.040123,345.0,NaN,4.5,10.5,57.9,15 / 22,33525,2020-03-19 20:38:29:837
0.828394,-5.224148,1.517924,0.0,49.843212,24.040123,345.0,NaN,4.5,10.5,57.9,16 / 21,34025,2020-03-19 20:38:30:337
-2.882619,-8.552089,-1.383848,0.0,49.843212,24.040123,345.0,NaN,4.5,10.5,57.9,16 / 21,34525,2020-03-19 20:38:30:837
-1.11091,-11.587936,-3.677494,0.0,49.843212,24.040123,345.0,NaN,4.5,10.5,57.9,13 / 21,35025,2020-03-19 20:38:31:337
-1.987187,-5.770026,-6.234501,0.0,49.843212,24.040123,345.0,NaN,4.5,10.5,57.9,13 / 21,35525,2020-03-19 20:38:31:837
-1.04866,-12.440272,-0.967257,0.0,49.843212,24.040123,345.0,NaN,4.5,10.5,57.9,13 / 22,36025,2020-03-19 20:38:32:337
-3.916914,-6.593631,-14.393941,0.0,49.843212,24.040123,345.0,NaN,4.5,10.5,57.9,13 / 22,36526,2020-03-19 20:38:32:838
-0.837971,-7.594407,0.138864,0.0,49.843212,24.040123,345.0,NaN,4.5,10.5,57.9,15 / 22,37025,2020-03-19 20:38:33:337
-7.642292,-9.375694,-0.354342,0.0,49.843212,24.040123,345.0,NaN,4.5,10.5,57.9,15 / 22,37525,2020-03-19 20:38:33:837
-6.622362,-19.31163,1.125275,0.0,49.843212,24.040123,345.0,NaN,4.5,10.5,57.9,14 / 21,38025,2020-03-19 20:38:34:337
-6.737283,-15.907076,1.637634,0.0,49.843212,24.040123,345.0,NaN,4.5,10.5,57.9,14 / 21,38525,2020-03-19 20:38:34:837
-5.540182,-11.401189,-8.307879,0.0,49.843212,24.040123,345.0,NaN,4.5,10.5,57.9,18 / 20,39025,2020-03-19 20:38:35:337
-0.981623,-8.106766,2.839523,0.0,49.843212,24.040123,345.0,NaN,4.5,10.5,57.9,18 / 20,39525,2020-03-19 20:38:35:837
0.023942,-6.033388,1.163582,0.0,49.843212,24.040123,345.0,NaN,4.5,10.5,57.9,18 / 22,40025,2020-03-19 20:38:36:337
-2.5187,-6.311115,-1.288081,0.0,49.843212,24.040123,345.0,NaN,4.5,10.5,57.9,18 / 22,40525,2020-03-19 20:38:36:837
-11.27669,-10.625467,1.479617,0.0,49.843212,24.040123,345.0,NaN,4.5,10.5,57.9,18 / 22,41025,2020-03-19 20:38:37:337
-8.27436,-13.575124,13.713987,0.0,49.843212,24.040123,345.0,NaN,4.5,10.5,57.9,18 / 22,41525,2020-03-19 20:38:37:837
-3.471592,-13.278243,-1.450886,0.0,49.843212,24.040123,345.0,NaN,4.5,10.5,57.9,18 / 22,42025,2020-03-19 20:38:38:337
-2.590526,-8.207323,-13.819332,0.0,49.843212,24.040123,345.0,NaN,4.5,10.5,57.9,18 / 22,42525,2020-03-19 20:38:38:837
-2.331952,-6.943185,-0.814029,0.0,49.843212,24.040123,345.0,NaN,4.5,10.5,57.9,18 / 23,43025,2020-03-19 20:38:39:337
-5.430049,-11.382035,1.412579,0.0,49.843212,24.040123,345.0,NaN,4.5,10.5,57.9,18 / 23,43525,2020-03-19 20:38:39:837
3.481169,-2.073379,-20.168755,0.0,49.843212,24.040123,345.0,NaN,4.5,10.5,57.9,20 / 23,44025,2020-03-19 20:38:40:337
-0.143652,-13.94383,-3.562572,0.0,49.843212,24.040123,345.0,NaN,4.5,10.5,57.9,20 / 23,44526,2020-03-19 20:38:40:838
0.009577,-17.463306,-12.497733,0.0,49.843212,24.040123,345.0,NaN,4.5,10.5,57.9,20 / 23,45025,2020-03-19 20:38:41:337
-7.283161,-12.009315,-3.744531,0.0,49.843212,24.040123,345.0,NaN,4.5,10.5,57.9,20 / 23,45525,2020-03-19 20:38:41:837
2.422932,-4.94642,-1.173159,0.0,49.843212,24.040123,345.0,NaN,4.5,10.5,57.9,20 / 23,46026,2020-03-19 20:38:42:338
1.000776,-9.758766,-2.432509,0.0,49.843212,24.040123,345.0,NaN,4.5,10.5,57.9,20 / 23,46525,2020-03-19 20:38:42:837
0.287304,-10.812215,-3.414132,0.0,49.843212,24.040123,345.0,NaN,4.5,10.5,57.9,19 / 24,47025,2020-03-19 20:38:43:337
-4.074931,-6.842628,-10.041282,0.0,49.843212,24.040123,345.0,NaN,4.5,10.5,57.9,19 / 24,47525,2020-03-19 20:38:43:837
-5.209783,-9.696517,-2.825158,0.0,49.843212,24.040123,345.0,NaN,4.5,10.5,57.9,19 / 25,48025,2020-03-19 20:38:44:337
2.389413,-3.524265,1.790863,0.0,49.843212,24.040123,345.0,NaN,4.5,10.5,57.9,19 / 25,48525,2020-03-19 20:38:44:837
-1.312023,-7.072471,1.034295,0.0,49.843212,24.040123,345.0,NaN,4.5,10.5,57.9,18 / 24,49025,2020-03-19 20:38:45:337
-1.805228,-8.231265,2.887407,0.0,49.843212,24.040123,345.0,NaN,4.5,10.5,57.9,18 / 24,49525,2020-03-19 20:38:45:837
-4.548983,-9.030929,0.296881,0.0,49.843212,24.040123,345.0,NaN,4.5,10.5,57.9,20 / 25,50025,2020-03-19 20:38:46:337
1.077391,-11.975797,-4.027047,0.0,49.843212,24.040123,345.0,NaN,4.5,10.5,57.9,20 / 25,50525,2020-03-19 20:38:46:837
-1.580173,-3.126827,-8.441956,0.0,49.843212,24.040123,345.0,NaN,4.5,10.5,57.9,17 / 25,51025,2020-03-19 20:38:47:337
-6.641515,-11.027693,-1.608903,0.0,49.843212,24.040123,345.0,NaN,4.5,10.5,57.9,17 / 25,51525,2020-03-19 20:38:47:837
1.49877,-3.169923,1.987187,0.0,49.843212,24.040123,345.0,NaN,4.5,10.5,57.9,20 / 25,52026,2020-03-19 20:38:48:338
-4.122815,-6.564901,-1.086968,0.0,49.843212,24.040123,345.0,NaN,4.5,10.5,57.9,20 / 25,52525,2020-03-19 20:38:48:837
-0.995988,-13.268666,-4.13718,0.0,49.843212,24.040123,345.0,NaN,4.5,10.5,57.9,19 / 25,53025,2020-03-19 20:38:49:337
12.962208,-5.693412,9.121908,0.0,49.843212,24.040123,345.0,NaN,4.5,10.5,57.9,19 / 25,53525,2020-03-19 20:38:49:837
1.781286,-13.67568,2.557007,0.0,49.843094,24.040806,349.0,NaN,0.0,4.0,0.0,16 / 25,54025,2020-03-19 20:38:50:337
0.148441,-17.257406,-12.473791,0.0,49.843094,24.040806,349.0,NaN,0.0,4.0,0.0,16 / 25,54525,2020-03-19 20:38:50:837
-5.45878,-11.990162,0.555455,0.0,49.843094,24.040806,349.0,NaN,0.0,4.0,0.0,19 / 26,55025,2020-03-19 20:38:51:337
1.848324,-2.63841,0.459687,0.0,49.843094,24.040806,349.0,NaN,0.0,4.0,0.0,19 / 26,55525,2020-03-19 20:38:51:837
-6.449979,-8.384495,-1.584961,0.0,49.843094,24.040806,349.0,NaN,0.0,4.0,0.0,19 / 26,56025,2020-03-19 20:38:52:337
0.732626,-14.882358,-5.784391,0.0,49.843094,24.040806,349.0,NaN,0.0,4.0,0.0,19 / 26,56525,2020-03-19 20:38:52:837
13.321339,2.839523,-0.948104,0.0,49.843094,24.040806,349.0,NaN,0.0,4.0,0.0,17 / 26,57025,2020-03-19 20:38:53:337
-1.11091,-14.302961,-5.090072,0.0,49.843094,24.040806,349.0,NaN,0.0,4.0,0.0,17 / 26,57525,2020-03-19 20:38:53:837
1.450886,-19.809626,-18.239029,0.0,49.843094,24.040806,349.0,NaN,0.0,4.0,0.0,18 / 26,58025,2020-03-19 20:38:54:337
-4.343082,-13.393165,-6.291962,0.0,49.843094,24.040806,349.0,NaN,0.0,4.0,0.0,18 / 26,58526,2020-03-19 20:38:54:838
4.223372,-22.237345,-12.981361,0.0,49.843094,24.040806,349.0,NaN,0.0,4.0,0.0,18 / 26,59025,2020-03-19 20:38:55:337
-1.115698,-8.336611,1.675941,0.0,49.843094,24.040806,349.0,NaN,0.0,4.0,0.0,18 / 26,59526,2020-03-19 20:38:55:838
-2.72939,-4.659116,3.845088,0.0,49.843094,24.040806,349.0,NaN,0.0,4.0,0.0,17 / 24,60025,2020-03-19 20:38:56:337
-3.20823,-8.734048,-0.076614,0.0,49.843094,24.040806,349.0,NaN,0.0,4.0,0.0,17 / 24,60525,2020-03-19 20:38:56:837
1.82917,-10.687716,-2.480393,0.0,49.843094,24.040806,349.0,NaN,0.0,4.0,0.0,19 / 23,61025,2020-03-19 20:38:57:337
-0.268151,-14.111424,-8.542512,0.0,49.843094,24.040806,349.0,NaN,0.0,4.0,0.0,19 / 23,61525,2020-03-19 20:38:57:837
-5.736507,-10.840945,-4.793192,0.0,49.843094,24.040806,349.0,NaN,0.0,4.0,0.0,14 / 24,62025,2020-03-19 20:38:58:337
-5.200206,-11.271901,-9.662998,0.0,49.843094,24.040806,349.0,NaN,0.0,4.0,0.0,14 / 24,62526,2020-03-19 20:38:58:838
-0.679953,-10.639832,-2.432509,0.0,49.843094,24.040806,349.0,NaN,0.0,4.0,0.0,15 / 24,63025,2020-03-19 20:38:59:337
2.001553,-1.80044,3.15077,0.0,49.843094,24.040806,349.0,NaN,0.0,4.0,0.0,15 / 24,63526,2020-03-19 20:38:59:838
2.30801,-9.581595,-2.312799,0.0,49.843094,24.040806,349.0,NaN,0.0,4.0,0.0,16 / 24,64025,2020-03-19 20:39:00:337
2.786851,-15.107412,-0.699107,0.0,49.843094,24.040806,349.0,NaN,0.0,4.0,0.0,16 / 24,64525,2020-03-19 20:39:00:837
5.650316,-2.063802,-20.245367,0.0,49.843094,24.040806,349.0,NaN,0.0,4.0,0.0,16 / 24,65025,2020-03-19 20:39:01:337
1.493982,-14.571112,-8.116343,0.0,49.843094,24.040806,349.0,NaN,0.0,4.0,0.0,16 / 24,65525,2020-03-19 20:39:01:837
6.631939,-19.838356,-15.907076,0.0,49.843094,24.040806,349.0,NaN,0.0,4.0,0.0,14 / 24,66025,2020-03-19 20:39:02:337
-3.131616,-12.550406,3.505111,0.0,49.843094,24.040806,349.0,NaN,0.0,4.0,0.0,14 / 24,66525,2020-03-19 20:39:02:837
0.430956,-3.567361,-4.419696,0.0,49.843094,24.040806,349.0,NaN,0.0,4.0,0.0,14 / 23,67025,2020-03-19 20:39:03:337
-4.721366,-8.767567,-0.124498,0.0,49.843094,24.040806,349.0,NaN,0.0,4.0,0.0,14 / 23,67525,2020-03-19 20:39:03:837
-9.677363,-10.132261,3.41892,0.0,49.843094,24.040806,349.0,NaN,0.0,4.0,0.0,15 / 25,68025,2020-03-19 20:39:04:337
-6.081272,-21.844696,-6.86657,0.0,49.843094,24.040806,349.0,NaN,0.0,4.0,0.0,15 / 25,68525,2020-03-19 20:39:04:837
-6.138733,-14.800955,-1.101333,0.0,49.843094,24.040806,349.0,NaN,0.0,4.0,0.0,16 / 26,69025,2020-03-19 20:39:05:337
-4.405331,-11.808203,-8.09719,0.0,49.843094,24.040806,349.0,NaN,0.0,4.0,0.0,16 / 26,69525,2020-03-19 20:39:05:837
0.857124,-10.58716,1.058237,0.0,49.843094,24.040806,349.0,NaN,0.0,4.0,0.0,17 / 26,70025,2020-03-19 20:39:06:337
6.445191,-17.33402,-12.502522,0.0,49.843094,24.040806,349.0,NaN,0.0,4.0,0.0,17 / 26,70525,2020-03-19 20:39:06:837
1.939303,-6.876147,3.236961,0.0,49.843094,24.040806,349.0,NaN,0.0,4.0,0.0,16 / 26,71025,2020-03-19 20:39:07:337
1.805228,-4.050989,3.974375,0.0,49.843094,24.040806,349.0,NaN,0.0,4.0,0.0,16 / 26,71526,2020-03-19 20:39:07:838
0.014365,-9.222465,-0.71826,0.0,49.843094,24.040806,349.0,NaN,0.0,4.0,0.0,18 / 25,72026,2020-03-19 20:39:08:338
3.643975,-12.976573,2.025495,0.0,49.843094,24.040806,349.0,NaN,0.0,4.0,0.0,18 / 25,72525,2020-03-19 20:39:08:837
6.191406,-13.397953,-12.713211,0.0,49.843094,24.040806,349.0,NaN,0.0,4.0,0.0,17 / 24,73026,2020-03-19 20:39:09:338
-2.87783,-12.966996,-5.032612,0.0,49.843094,24.040806,349.0,NaN,0.0,4.0,0.0,17 / 24,73525,2020-03-19 20:39:09:837
1.762132,-2.542642,0.861913,0.0,49.843094,24.040806,349.0,NaN,0.0,4.0,0.0,17 / 23,74025,2020-03-19 20:39:10:337
1.149217,-8.025364,-3.303998,0.0,49.843094,24.040806,349.0,NaN,0.0,4.0,0.0,17 / 23,74526,2020-03-19 20:39:10:838
2.667141,-2.523488,3.035848,0.0,49.843094,24.040806,349.0,NaN,0.0,4.0,0.0,17 / 24,75025,2020-03-19 20:39:11:337
4.10845,-9.107543,-1.120486,0.0,49.843094,24.040806,349.0,NaN,0.0,4.0,0.0,17 / 24,75526,2020-03-19 20:39:11:838
8.978256,-13.872005,4.194642,0.0,49.843094,24.040806,349.0,NaN,0.0,4.0,0.0,16 / 23,76025,2020-03-19 20:39:12:337
2.719813,4.367024,6.641516,0.0,49.843094,24.040806,349.0,NaN,0.0,4.0,0.0,16 / 23,76525,2020-03-19 20:39:12:837
1.005565,-13.670892,0.565032,0.0,49.843094,24.040806,349.0,NaN,0.0,4.0,0.0,14 / 22,77025,2020-03-19 20:39:13:337
5.386954,-7.671022,-10.654198,0.0,49.843094,24.040806,349.0,NaN,0.0,4.0,0.0,14 / 22,77525,2020-03-19 20:39:13:837
0.914585,-7.096413,-3.021482,0.0,49.843094,24.040806,349.0,NaN,0.0,4.0,0.0,15 / 23,78025,2020-03-19 20:39:14:337
-6.042965,-14.642938,-3.969586,0.0,49.843094,24.040806,349.0,NaN,0.0,4.0,0.0,15 / 23,78525,2020-03-19 20:39:14:837
-4.874594,-15.509639,7.331046,0.0,49.843094,24.040806,349.0,NaN,0.0,4.0,0.0,13 / 22,79025,2020-03-19 20:39:15:337
7.570466,-12.579136,1.063026,0.0,49.843094,24.040806,349.0,NaN,0.0,4.0,0.0,13 / 22,79526,2020-03-19 20:39:15:838
7.010223,6.416461,7.781156,0.0,49.843094,24.040806,349.0,NaN,0.0,4.0,0.0,11 / 23,80025,2020-03-19 20:39:16:337
-1.690306,-12.832921,-0.129287,0.0,49.843094,24.040806,349.0,NaN,0.0,4.0,0.0,11 / 23,80525,2020-03-19 20:39:16:837
3.462016,-6.62715,-6.004657,0.0,49.843094,24.040806,349.0,NaN,0.0,4.0,0.0,14 / 22,81025,2020-03-19 20:39:17:337
2.949657,-7.268796,-0.933739,0.0,49.843094,24.040806,349.0,NaN,0.0,4.0,0.0,14 / 22,81525,2020-03-19 20:39:17:837
-3.696647,-12.780249,-0.387861,0.0,49.843094,24.040806,349.0,NaN,0.0,4.0,0.0,17 / 22,82025,2020-03-19 20:39:18:337
0.9912,-7.350199,4.31914,0.0,49.843094,24.040806,349.0,NaN,0.0,4.0,0.0,17 / 22,82525,2020-03-19 20:39:18:837
2.015918,-15.868769,-3.332729,0.0,49.843094,24.040806,349.0,NaN,0.0,4.0,0.0,14 / 21,83025,2020-03-19 20:39:19:337
-5.645528,-13.359646,10.500969,0.0,49.843094,24.040806,349.0,NaN,0.0,4.0,0.0,14 / 21,83525,2020-03-19 20:39:19:837
-0.02873,-15.753847,3.667917,0.0,49.843094,24.040806,349.0,NaN,0.0,4.0,0.0,15 / 22,84025,2020-03-19 20:39:20:337
16.007633,-18.248606,6.986281,0.0,49.843094,24.040806,349.0,NaN,0.0,4.0,0.0,15 / 22,84525,2020-03-19 20:39:20:837
2.322376,-14.082694,0.641646,0.0,49.843094,24.040806,349.0,NaN,0.0,4.0,0.0,16 / 21,85025,2020-03-19 20:39:21:337
10.247183,-16.280571,-16.16565,0.0,49.843094,24.040806,349.0,NaN,0.0,4.0,0.0,16 / 21,85525,2020-03-19 20:39:21:837
1.383849,-7.240066,1.508347,0.0,49.843094,24.040806,349.0,NaN,0.0,4.0,0.0,16 / 20,86025,2020-03-19 20:39:22:337
2.082955,-4.352658,4.707001,0.0,49.843094,24.040806,349.0,NaN,0.0,4.0,0.0,16 / 20,86525,2020-03-19 20:39:22:837
2.27928,-10.802638,-0.407014,0.0,49.843094,24.040806,349.0,NaN,0.0,4.0,0.0,16 / 20,87025,2020-03-19 20:39:23:337
1.359907,-3.916914,4.946421,0.0,49.843094,24.040806,349.0,NaN,0.0,4.0,0.0,16 / 20,87526,2020-03-19 20:39:23:838
1.058237,-13.297397,-1.70946,0.0,49.843094,24.040806,349.0,NaN,0.0,4.0,0.0,19 / 21,88025,2020-03-19 20:39:24:337
2.169147,-17.865534,1.010353,0.0,49.843094,24.040806,349.0,NaN,0.0,4.0,0.0,19 / 21,88526,2020-03-19 20:39:24:838
10.673351,-5.951985,-12.588713,0.0,49.843094,24.040806,349.0,NaN,0.0,4.0,0.0,21 / 22,89025,2020-03-19 20:39:25:337
1.412579,-13.704411,-9.294291,0.0,49.843094,24.040806,349.0,NaN,0.0,4.0,0.0,21 / 22,89525,2020-03-19 20:39:25:837
0.497994,-4.146757,-2.37026,0.0,49.843094,24.040806,349.0,NaN,0.0,4.0,0.0,20 / 22,90025,2020-03-19 20:39:26:337
0.445322,-7.484274,0.272939,0.0,49.843094,24.040806,349.0,NaN,0.0,4.0,0.0,20 / 22,90526,2020-03-19 20:39:26:838
8.288726,-14.973337,-3.529053,0.0,49.843094,24.040806,349.0,NaN,0.0,4.0,0.0,18 / 20,91026,2020-03-19 20:39:27:338
6.694188,3.05979,7.484275,0.0,49.843094,24.040806,349.0,NaN,0.0,4.0,0.0,18 / 20,91525,2020-03-19 20:39:27:837
6.593632,-12.607866,4.587291,0.0,49.843094,24.040806,349.0,NaN,0.0,4.0,0.0,19 / 22,92026,2020-03-19 20:39:28:338
9.979033,-14.733917,-10.041282,0.0,49.843094,24.040806,349.0,NaN,0.0,4.0,0.0,19 / 22,92525,2020-03-19 20:39:28:837
-0.263362,-13.809755,-1.130063,0.0,49.843094,24.040806,349.0,NaN,0.0,4.0,0.0,22 / 23,93025,2020-03-19 20:39:29:337
2.059013,-2.513912,1.053449,0.0,49.843094,24.040806,349.0,NaN,0.0,4.0,0.0,22 / 23,93525,2020-03-19 20:39:29:837
2.135628,-7.781155,-3.773262,0.0,49.843094,24.040806,349.0,NaN,0.0,4.0,0.0,22 / 24,94025,2020-03-19 20:39:30:337
5.291186,-12.607866,-5.482722,0.0,49.843094,24.040806,349.0,NaN,0.0,4.0,0.0,22 / 24,94525,2020-03-19 20:39:30:837
7.49864,2.916138,9.782708,0.0,49.843094,24.040806,349.0,NaN,0.0,4.0,0.0,22 / 23,95025,2020-03-19 20:39:31:337
2.25055,-12.430696,2.106898,0.0,49.843094,24.040806,349.0,NaN,0.0,4.0,0.0,22 / 23,95525,2020-03-19 20:39:31:837
10.204087,-11.769896,-8.092401,0.0,49.843094,24.040806,349.0,NaN,0.0,4.0,0.0,21 / 24,96025,2020-03-19 20:39:32:337
-0.086191,-12.440272,0.665588,0.0,49.843094,24.040806,349.0,NaN,0.0,4.0,0.0,21 / 24,96525,2020-03-19 20:39:32:837
1.235408,-6.71813,-14.197616,0.0,49.843094,24.040806,349.0,NaN,0.0,4.0,0.0,22 / 24,97025,2020-03-19 20:39:33:337
-0.440533,-7.469909,0.349553,0.0,49.843094,24.040806,349.0,NaN,0.0,4.0,0.0,22 / 24,97526,2020-03-19 20:39:33:838
0.512359,-3.150769,3.361459,0.0,49.843094,24.040806,349.0,NaN,0.0,4.0,0.0,22 / 24,98025,2020-03-19 20:39:34:337
3.241749,-9.868899,-0.909797,0.0,49.843094,24.040806,349.0,NaN,0.0,4.0,0.0,22 / 24,98525,2020-03-19 20:39:34:837
6.641516,-13.498509,3.912126,0.0,49.843094,24.040806,349.0,NaN,0.0,4.0,0.0,22 / 26,99026,2020-03-19 20:39:35:338
6.26802,-21.65795,-2.327164,0.0,49.843094,24.040806,349.0,NaN,0.0,4.0,0.0,22 / 26,99525,2020-03-19 20:39:35:837
-0.574608,-14.197616,0.076614,0.0,49.843094,24.040806,349.0,NaN,0.0,4.0,0.0,21 / 26,100026,2020-03-19 20:39:36:338
0.699107,-2.724601,-1.125275,0.0,49.843094,24.040806,349.0,NaN,0.0,4.0,0.0,21 / 26,100525,2020-03-19 20:39:36:837
0.876278,-13.211205,-7.594407,0.0,49.843094,24.040806,349.0,NaN,0.0,4.0,0.0,20 / 26,101026,2020-03-19 20:39:37:338
0.90022,-2.173935,2.753332,0.0,49.843094,24.040806,349.0,NaN,0.0,4.0,0.0,20 / 26,101525,2020-03-19 20:39:37:837
3.256114,-6.584054,-3.303998,0.0,49.842884,24.041485,346.0,NaN,3.492,3.5,94.3,21 / 26,102025,2020-03-19 20:39:38:337
4.702213,-12.919112,-6.967127,0.0,49.842884,24.041485,346.0,NaN,3.492,3.5,94.3,21 / 26,102525,2020-03-19 20:39:38:837
2.571373,8.130709,-0.565032,0.0,49.842884,24.041485,346.0,NaN,3.492,3.5,94.3,22 / 26,103025,2020-03-19 20:39:39:337
5.027824,-12.502522,-0.665588,0.0,49.842884,24.041485,346.0,NaN,3.492,3.5,94.3,22 / 26,103525,2020-03-19 20:39:39:837
11.827356,-10.113108,-12.138602,0.0,49.842884,24.041485,346.0,NaN,3.492,3.5,94.3,22 / 27,104025,2020-03-19 20:39:40:337
-0.172383,-8.173804,1.335965,0.0,49.842884,24.041485,346.0,NaN,3.492,3.5,94.3,22 / 27,104525,2020-03-19 20:39:40:837
1.072602,-5.822698,-12.674904,0.0,49.842884,24.041485,346.0,NaN,3.492,3.5,94.3,20 / 27,105025,2020-03-19 20:39:41:337
-0.521936,-8.312668,1.197101,0.0,49.842884,24.041485,346.0,NaN,3.492,3.5,94.3,20 / 27,105525,2020-03-19 20:39:41:837
0.531513,-5.693412,3.519477,0.0,49.842884,24.041485,346.0,NaN,3.492,3.5,94.3,21 / 26,106025,2020-03-19 20:39:42:337
-1.853112,-12.330139,0.378284,0.0,49.842884,24.041485,346.0,NaN,3.492,3.5,94.3,21 / 26,106525,2020-03-19 20:39:42:837
9.811439,-13.551182,4.424485,0.0,49.842884,24.041485,346.0,NaN,3.492,3.5,94.3,21 / 26,107025,2020-03-19 20:39:43:337
7.326257,1.94888,22.213404,0.0,49.842884,24.041485,346.0,NaN,3.492,3.5,94.3,21 / 26,107525,2020-03-19 20:39:43:837
2.293645,-13.249513,-2.738967,0.0,49.842884,24.041485,346.0,NaN,3.492,3.5,94.3,21 / 26,108025,2020-03-19 20:39:44:337
14.346057,-14.389153,-12.047623,0.0,49.842884,24.041485,346.0,NaN,3.492,3.5,94.3,21 / 26,108525,2020-03-19 20:39:44:837
2.001553,-7.431602,2.667141,0.0,49.842884,24.041485,346.0,NaN,3.492,3.5,94.3,23 / 27,109026,2020-03-19 20:39:45:338
0.426168,-5.334281,2.288857,0.0,49.842884,24.041485,346.0,NaN,3.492,3.5,94.3,23 / 27,109525,2020-03-19 20:39:45:837
1.881843,-9.32781,-1.671153,0.0,49.842884,24.041485,346.0,NaN,3.492,3.5,94.3,22 / 26,110025,2020-03-19 20:39:46:337
4.204219,-10.994174,3.007117,0.0,49.842884,24.041485,346.0,NaN,3.492,3.5,94.3,22 / 26,110525,2020-03-19 20:39:46:837
6.416461,-17.041927,-8.485051,0.0,49.842884,24.041485,346.0,NaN,3.492,3.5,94.3,23 / 27,111026,2020-03-19 20:39:47:338
-0.129287,-13.651738,1.431733,0.0,49.842884,24.041485,346.0,NaN,3.492,3.5,94.3,23 / 27,111525,2020-03-19 20:39:47:837
3.007117,-2.844312,0.23942,0.0,49.842884,24.041485,346.0,NaN,3.492,3.5,94.3,20 / 27,112025,2020-03-19 20:39:48:337
-0.703895,-13.426683,-3.428497,0.0,49.842884,24.041485,346.0,NaN,3.492,3.5,94.3,20 / 27,112526,2020-03-19 20:39:48:838
0.948104,-3.663128,-0.617704,0.0,49.842884,24.041485,346.0,NaN,3.492,3.5,94.3,20 / 27,113025,2020-03-19 20:39:49:337
-0.962469,-8.523358,1.086968,0.0,49.842884,24.041485,346.0,NaN,3.492,3.5,94.3,20 / 27,113525,2020-03-19 20:39:49:837
-0.057461,-7.264008,2.533065,0.0,49.842884,24.041485,346.0,NaN,3.492,3.5,94.3,22 / 27,114025,2020-03-19 20:39:50:337
-0.47884,-13.737929,1.312023,0.0,49.842884,24.041485,346.0,NaN,3.492,3.5,94.3,22 / 27,114525,2020-03-19 20:39:50:837
6.186618,-10.568007,0.881066,0.0,49.842884,24.041485,346.0,NaN,3.492,3.5,94.3,23 / 27,115026,2020-03-19 20:39:51:338
1.029507,-6.818686,-6.83784,0.0,49.842884,24.041485,346.0,NaN,3.492,3.5,94.3,23 / 27,115526,2020-03-19 20:39:51:838
-0.584185,-16.534357,-5.760449,0.0,49.842884,24.041485,346.0,NaN,3.492,3.5,94.3,22 / 27,116025,2020-03-19 20:39:52:337
1.853112,-1.695095,3.007117,0.0,49.842884,24.041485,346.0,NaN,3.492,3.5,94.3,22 / 27,116526,2020-03-19 20:39:52:838
0.957681,-14.087482,-4.620809,0.0,49.842884,24.041485,346.0,NaN,3.492,3.5,94.3,22 / 26,117026,2020-03-19 20:39:53:338
1.924938,-1.49877,2.978387,0.0,49.842884,24.041485,346.0,NaN,3.492,3.5,94.3,22 / 26,117525,2020-03-19 20:39:53:837
1.268927,-7.062895,-2.959233,0.0,49.842884,24.041485,346.0,NaN,3.492,3.5,94.3,22 / 27,118025,2020-03-19 20:39:54:337
-6.153098,-14.097059,0.871489,0.0,49.842884,24.041485,346.0,NaN,3.492,3.5,94.3,22 / 27,118525,2020-03-19 20:39:54:837
-0.057461,-15.974113,-1.35033,0.0,49.842884,24.041485,346.0,NaN,3.492,3.5,94.3,22 / 26,119025,2020-03-19 20:39:55:337
2.049437,-14.556746,-2.806004,0.0,49.842884,24.041485,346.0,NaN,3.492,3.5,94.3,22 / 26,119525,2020-03-19 20:39:55:837
2.58095,0.114922,-4.544194,0.0,49.842884,24.041485,346.0,NaN,3.492,3.5,94.3,23 / 27,120025,2020-03-19 20:39:56:337
1.225831,-10.907983,-0.411803,0.0,49.842884,24.041485,346.0,NaN,3.492,3.5,94.3,23 / 27,120525,2020-03-19 20:39:56:837
-0.325611,-7.149086,-5.214571,0.0,49.842884,24.041485,346.0,NaN,3.492,3.5,94.3,19 / 26,121025,2020-03-19 20:39:57:337
3.404555,-8.513782,1.302446,0.0,49.842884,24.041485,346.0,NaN,3.492,3.5,94.3,19 / 26,121525,2020-03-19 20:39:57:837
2.604892,-2.035071,4.065354,0.0,49.842884,24.041485,346.0,NaN,3.492,3.5,94.3,19 / 26,122025,2020-03-19 20:39:58:337
5.31034,-7.173028,-1.939303,0.0,49.842884,24.041485,346.0,NaN,3.492,3.5,94.3,19 / 26,122526,2020-03-19 20:39:58:838
8.561666,-13.599066,3.414132,0.0,49.842884,24.041485,346.0,NaN,3.492,3.5,94.3,20 / 26,123025,2020-03-19 20:39:59:337
2.829947,8.073248,10.888829,0.0,49.842884,24.041485,346.0,NaN,3.492,3.5,94.3,20 / 26,123526,2020-03-19 20:39:59:838
7.369353,-12.004527,-3.65834,0.0,49.842884,24.041485,346.0,NaN,3.492,3.5,94.3,23 / 27,124025,2020-03-19 20:40:00:337
1.752556,-4.194641,-4.606444,0.0,49.842884,24.041485,346.0,NaN,3.492,3.5,94.3,23 / 27,124525,2020-03-19 20:40:00:837
-1.570596,-14.398729,-5.96635,0.0,49.842884,24.041485,346.0,NaN,3.492,3.5,94.3,19 / 27,125026,2020-03-19 20:40:01:338
2.03986,-6.909666,-16.558298,0.0,49.842884,24.041485,346.0,NaN,3.492,3.5,94.3,19 / 27,125525,2020-03-19 20:40:01:837
5.434838,-8.652645,2.552219,0.0,49.842884,24.041485,346.0,NaN,3.492,3.5,94.3,18 / 26,126026,2020-03-19 20:40:02:338
1.891419,-2.240973,4.060566,0.0,49.842884,24.041485,346.0,NaN,3.492,3.5,94.3,18 / 26,126525,2020-03-19 20:40:02:837
4.802769,-8.145074,-2.8491,0.0,49.842884,24.041485,346.0,NaN,3.492,3.5,94.3,19 / 26,127025,2020-03-19 20:40:03:337
9.380483,-11.587936,3.620033,0.0,49.842884,24.041485,346.0,NaN,3.492,3.5,94.3,19 / 26,127526,2020-03-19 20:40:03:838
10.002975,-4.568136,-13.196839,0.0,49.842884,24.041485,346.0,NaN,3.492,3.5,94.3,17 / 27,128025,2020-03-19 20:40:04:337
5.315128,-13.584701,-8.365341,0.0,49.842884,24.041485,346.0,NaN,3.492,3.5,94.3,17 / 27,128525,2020-03-19 20:40:04:837
6.493075,-2.767697,-15.35641,0.0,49.842884,24.041485,346.0,NaN,3.492,3.5,94.3,17 / 26,129025,2020-03-19 20:40:05:337
4.802769,-12.392388,-2.48997,0.0,49.842884,24.041485,346.0,NaN,3.492,3.5,94.3,17 / 26,129525,2020-03-19 20:40:05:837
18.756176,-15.08347,-8.437167,0.0,49.842884,24.041485,346.0,NaN,3.492,3.5,94.3,18 / 27,130025,2020-03-19 20:40:06:337
3.835511,-7.757213,1.374272,0.0,49.842884,24.041485,346.0,NaN,3.492,3.5,94.3,18 / 27,130525,2020-03-19 20:40:06:837
1.891419,-3.672705,3.72059,0.0,49.842884,24.041485,346.0,NaN,3.492,3.5,94.3,19 / 27,131026,2020-03-19 20:40:07:338
2.96881,-9.782708,-0.143652,0.0,49.842884,24.041485,346.0,NaN,3.492,3.5,94.3,19 / 27,131525,2020-03-19 20:40:07:837
8.154651,-12.995727,3.634398,0.0,49.842884,24.041485,346.0,NaN,3.492,3.5,94.3,19 / 27,132025,2020-03-19 20:40:08:337
1.604115,-11.592725,-0.952892,0.0,49.842884,24.041485,346.0,NaN,3.492,3.5,94.3,19 / 27,132525,2020-03-19 20:40:08:837
11.631032,-14.197616,3.337517,0.0,49.842884,24.041485,346.0,NaN,3.492,3.5,94.3,18 / 26,133025,2020-03-19 20:40:09:337
1.450886,-3.174711,14.571112,0.0,49.842884,24.041485,346.0,NaN,3.492,3.5,94.3,18 / 26,133525,2020-03-19 20:40:09:837
3.969586,-16.46253,-1.086968,0.0,49.842884,24.041485,346.0,NaN,3.492,3.5,94.3,20 / 28,134025,2020-03-19 20:40:10:337
6.593632,-5.262455,-7.374141,0.0,49.842884,24.041485,346.0,NaN,3.492,3.5,94.3,20 / 28,134525,2020-03-19 20:40:10:837
2.782062,-9.528923,-0.646434,0.0,49.842884,24.041485,346.0,NaN,3.492,3.5,94.3,20 / 28,135025,2020-03-19 20:40:11:337
3.462016,-2.628833,2.748544,0.0,49.842884,24.041485,346.0,NaN,3.492,3.5,94.3,20 / 28,135525,2020-03-19 20:40:11:837
4.821923,-6.727707,-3.29921,0.0,49.842884,24.041485,346.0,NaN,3.492,3.5,94.3,19 / 26,136025,2020-03-19 20:40:12:337
7.513005,-12.277467,1.11091,0.0,49.842884,24.041485,346.0,NaN,3.492,3.5,94.3,19 / 26,136525,2020-03-19 20:40:12:837
2.427721,8.762778,-6.071695,0.0,49.842884,24.041485,346.0,NaN,3.492,3.5,94.3,19 / 25,137025,2020-03-19 20:40:13:337
7.115568,-11.784261,-7.220912,0.0,49.842884,24.041485,346.0,NaN,3.492,3.5,94.3,19 / 25,137525,2020-03-19 20:40:13:837
5.276821,1.388637,-18.2917,8.0,49.842884,24.041485,346.0,NaN,3.492,3.5,94.3,19 / 26,138025,2020-03-19 20:40:14:337
2.604892,-13.369223,-1.719037,0.0,49.842884,24.041485,346.0,NaN,3.492,3.5,94.3,19 / 26,138526,2020-03-19 20:40:14:838
6.090849,-12.411542,-11.042058,0.0,49.842884,24.041485,346.0,NaN,3.492,3.5,94.3,20 / 26,139025,2020-03-19 20:40:15:337
2.504335,-9.825804,1.000776,0.0,49.842884,24.041485,346.0,NaN,3.492,3.5,94.3,20 / 26,139525,2020-03-19 20:40:15:837
2.260126,-3.53863,2.973599,0.0,49.842884,24.041485,346.0,NaN,3.492,3.5,94.3,19 / 26,140025,2020-03-19 20:40:16:337
3.442862,-9.682152,0.071826,0.0,49.842884,24.041485,346.0,NaN,3.492,3.5,94.3,19 / 26,140525,2020-03-19 20:40:16:837
6.976704,-14.140155,3.083732,0.0,49.842884,24.041485,346.0,NaN,3.492,3.5,94.3,21 / 26,141025,2020-03-19 20:40:17:337
-1.063026,9.050082,35.774162,0.0,49.842884,24.041485,346.0,NaN,3.492,3.5,94.3,21 / 26,141525,2020-03-19 20:40:17:837
3.77805,-13.172897,-1.781286,0.0,49.842884,24.041485,346.0,NaN,3.492,3.5,94.3,21 / 26,142026,2020-03-19 20:40:18:338
16.112978,-14.106636,-12.162544,0.0,49.842884,24.041485,346.0,NaN,3.492,3.5,94.3,21 / 26,142525,2020-03-19 20:40:18:837
1.154005,-12.923901,1.063026,0.0,49.842884,24.041485,346.0,NaN,3.492,3.5,94.3,20 / 24,143025,2020-03-19 20:40:19:337
1.795651,-6.794744,-7.201759,0.0,49.842884,24.041485,346.0,NaN,3.492,3.5,94.3,20 / 24,143525,2020-03-19 20:40:19:837
0.718261,-8.485051,-2.288857,0.0,49.842884,24.041485,346.0,NaN,3.492,3.5,94.3,21 / 24,144025,2020-03-19 20:40:20:337
-3.825934,-14.441825,-3.256114,0.0,49.842884,24.041485,346.0,NaN,3.492,3.5,94.3,21 / 24,144525,2020-03-19 20:40:20:837
2.719813,1.11091,-17.587805,0.0,49.842884,24.041485,346.0,NaN,3.492,3.5,94.3,21 / 25,145025,2020-03-19 20:40:21:337
4.041412,-12.220005,0.105345,0.0,49.842884,24.041485,346.0,NaN,3.492,3.5,94.3,21 / 25,145525,2020-03-19 20:40:21:837
2.446874,-6.354211,-14.049175,0.0,49.842884,24.041485,346.0,NaN,3.492,3.5,94.3,19 / 24,146025,2020-03-19 20:40:22:337
2.288857,-7.575254,-2.509123,0.0,49.842884,24.041485,346.0,NaN,3.492,3.5,94.3,19 / 24,146525,2020-03-19 20:40:22:837
2.624045,-2.60968,1.608904,0.0,49.842884,24.041485,346.0,NaN,3.492,3.5,94.3,20 / 23,147025,2020-03-19 20:40:23:337
4.113238,-7.8865,-2.810793,0.0,49.842884,24.041485,346.0,NaN,3.492,3.5,94.3,20 / 23,147525,2020-03-19 20:40:23:837
3.567361,-12.033257,2.576161,0.0,49.842884,24.041485,346.0,NaN,3.492,3.5,94.3,21 / 25,148025,2020-03-19 20:40:24:337
4.185065,-6.574477,-4.357447,0.0,49.842884,24.041485,346.0,NaN,3.492,3.5,94.3,21 / 25,148526,2020-03-19 20:40:24:838
2.183512,-9.255983,0.138864,0.0,49.842884,24.041485,346.0,NaN,3.492,3.5,94.3,21 / 24,149025,2020-03-19 20:40:25:337
1.225831,-3.581726,1.556231,0.0,49.842884,24.041485,346.0,NaN,3.492,3.5,94.3,21 / 24,149525,2020-03-19 20:40:25:837
3.145981,-10.333375,-1.335964,0.0,49.84265,24.04232,346.0,NaN,2.736,4.0,127.6,20 / 24,150025,2020-03-19 20:40:26:337
6.263232,-12.215217,3.165135,0.0,49.84265,24.04232,346.0,NaN,2.736,4.0,127.6,20 / 24,150525,2020-03-19 20:40:26:837
3.902549,-11.96622,-5.779603,0.0,49.84265,24.04232,346.0,NaN,2.736,4.0,127.6,18 / 25,151025,2020-03-19 20:40:27:337
0.282516,-15.179238,-4.548983,0.0,49.84265,24.04232,346.0,NaN,2.736,4.0,127.6,18 / 25,151525,2020-03-19 20:40:27:837
-0.588974,-2.825158,-6.143522,0.0,49.84265,24.04232,346.0,NaN,2.736,4.0,127.6,19 / 25,152025,2020-03-19 20:40:28:337
1.44131,-9.648633,-3.605668,0.0,49.84265,24.04232,346.0,NaN,2.736,4.0,127.6,19 / 25,152525,2020-03-19 20:40:28:837
2.183512,-1.403002,3.078944,0.0,49.84265,24.04232,346.0,NaN,2.736,4.0,127.6,20 / 25,153026,2020-03-19 20:40:29:338
4.328717,-6.679823,-3.29921,0.0,49.84265,24.04232,346.0,NaN,2.736,4.0,127.6,20 / 25,153525,2020-03-19 20:40:29:837
6.641516,-12.77546,-4.865018,0.0,49.84265,24.04232,346.0,NaN,2.736,4.0,127.6,19 / 25,154026,2020-03-19 20:40:30:338
0.162806,2.317587,16.328455,0.0,49.84265,24.04232,346.0,NaN,2.736,4.0,127.6,19 / 25,154525,2020-03-19 20:40:30:837
0.201113,-12.923901,1.197101,0.0,49.84265,24.04232,346.0,NaN,2.736,4.0,127.6,20 / 25,155025,2020-03-19 20:40:31:337
9.758766,-12.531252,-11.511322,0.0,49.84265,24.04232,346.0,NaN,2.736,4.0,127.6,20 / 25,155525,2020-03-19 20:40:31:837
0.234632,-14.010868,1.235408,0.0,49.84265,24.04232,346.0,NaN,2.736,4.0,127.6,21 / 25,156025,2020-03-19 20:40:32:337
0.11971,-6.344634,-2.135628,0.0,49.84265,24.04232,346.0,NaN,2.736,4.0,127.6,21 / 25,156526,2020-03-19 20:40:32:838
0.234632,-8.446744,2.298434,0.0,49.84265,24.04232,346.0,NaN,2.736,4.0,127.6,20 / 25,157025,2020-03-19 20:40:33:337
-2.082955,-10.381259,2.777274,0.0,49.84265,24.04232,346.0,NaN,2.736,4.0,127.6,20 / 25,157525,2020-03-19 20:40:33:837
3.907337,-17.27656,2.647987,0.0,49.84265,24.04232,346.0,NaN,2.736,4.0,127.6,19 / 25,158025,2020-03-19 20:40:34:337
7.345411,-9.409213,4.185065,0.0,49.84265,24.04232,346.0,NaN,2.736,4.0,127.6,19 / 25,158525,2020-03-19 20:40:34:837
0.536301,-13.302185,-8.068459,0.0,49.84265,24.04232,346.0,NaN,2.736,4.0,127.6,19 / 25,159025,2020-03-19 20:40:35:337
-0.632069,-13.311762,-1.096544,0.0,49.84265,24.04232,346.0,NaN,2.736,4.0,127.6,19 / 25,159525,2020-03-19 20:40:35:837
1.307234,-1.575385,2.542642,0.0,49.84265,24.04232,346.0,NaN,2.736,4.0,127.6,19 / 25,160025,2020-03-19 20:40:36:337
-0.679953,-11.980585,-5.564124,0.0,49.84265,24.04232,346.0,NaN,2.736,4.0,127.6,19 / 25,160525,2020-03-19 20:40:36:837
1.450886,-1.556231,3.246538,0.0,49.84265,24.04232,346.0,NaN,2.736,4.0,127.6,19 / 25,161026,2020-03-19 20:40:37:338
4.525041,-4.774038,-5.415684,0.0,49.84265,24.04232,346.0,NaN,2.736,4.0,127.6,19 / 25,161525,2020-03-19 20:40:37:837
6.976704,-15.198392,-1.302446,0.0,49.84265,24.04232,346.0,NaN,2.736,4.0,127.6,18 / 24,162025,2020-03-19 20:40:38:337
3.1795,5.66947,16.136919,0.0,49.84265,24.04232,346.0,NaN,2.736,4.0,127.6,18 / 24,162525,2020-03-19 20:40:38:837
6.766014,-11.717223,0.622492,0.0,49.84265,24.04232,346.0,NaN,2.736,4.0,127.6,19 / 24,163025,2020-03-19 20:40:39:337
9.983821,-13.005303,-8.781932,0.0,49.84265,24.04232,346.0,NaN,2.736,4.0,127.6,19 / 24,163525,2020-03-19 20:40:39:837
4.012682,-7.484274,2.959233,0.0,49.84265,24.04232,346.0,NaN,2.736,4.0,127.6,21 / 24,164025,2020-03-19 20:40:40:337
1.015142,-3.083732,2.762909,0.0,49.84265,24.04232,346.0,NaN,2.736,4.0,127.6,21 / 24,164525,2020-03-19 20:40:40:837
1.063026,-9.275137,1.460463,0.0,49.84265,24.04232,346.0,NaN,2.736,4.0,127.6,20 / 24,165025,2020-03-19 20:40:41:337
0.172383,-1.268927,2.183512,0.0,49.84265,24.04232,346.0,NaN,2.736,4.0,127.6,20 / 24,165525,2020-03-19 20:40:41:837
6.545748,-5.84664,-3.65834,0.0,49.84265,24.04232,346.0,NaN,2.736,4.0,127.6,20 / 24,166025,2020-03-19 20:40:42:337
8.729259,-12.306197,2.652776,0.0,49.84265,24.04232,346.0,NaN,2.736,4.0,127.6,20 / 24,166526,2020-03-19 20:40:42:838
2.446874,-6.110002,-14.326903,0.0,49.84265,24.04232,346.0,NaN,2.736,4.0,127.6,16 / 24,167025,2020-03-19 20:40:43:337
2.173935,-12.952631,-2.240973,0.0,49.84265,24.04232,346.0,NaN,2.736,4.0,127.6,16 / 24,167525,2020-03-19 20:40:43:837
22.088905,-18.526333,-8.882488,0.0,49.84265,24.04232,346.0,NaN,2.736,4.0,127.6,18 / 24,168025,2020-03-19 20:40:44:337
3.198654,-6.411672,1.005565,0.0,49.84265,24.04232,346.0,NaN,2.736,4.0,127.6,18 / 24,168525,2020-03-19 20:40:44:837
8.552089,-11.913548,-12.832921,0.0,49.84265,24.04232,346.0,NaN,2.736,4.0,127.6,19 / 24,169025,2020-03-19 20:40:45:337
-1.383848,-8.542512,2.681506,0.0,49.84265,24.04232,346.0,NaN,2.736,4.0,127.6,19 / 24,169525,2020-03-19 20:40:45:837
-2.5187,-9.931149,2.422932,0.0,49.84265,24.04232,346.0,NaN,2.736,4.0,127.6,20 / 24,170025,2020-03-19 20:40:46:337
-2.992752,-15.155296,-0.574608,0.0,49.84265,24.04232,346.0,NaN,2.736,4.0,127.6,20 / 24,170525,2020-03-19 20:40:46:837
6.622362,-8.552089,-0.766144,0.0,49.84265,24.04232,346.0,NaN,2.736,4.0,127.6,19 / 24,171025,2020-03-19 20:40:47:337
5.243302,-5.770026,-3.361459,0.0,49.84265,24.04232,346.0,NaN,2.736,4.0,127.6,19 / 24,171525,2020-03-19 20:40:47:837
-2.293645,-14.087482,-4.529829,0.0,49.84265,24.04232,346.0,NaN,2.736,4.0,127.6,22 / 24,172025,2020-03-19 20:40:48:337
1.939303,-1.125275,0.732626,0.0,49.84265,24.04232,346.0,NaN,2.736,4.0,127.6,22 / 24,172526,2020-03-19 20:40:48:838
0.320823,-11.650186,-4.213795,0.0,49.84265,24.04232,346.0,NaN,2.736,4.0,127.6,19 / 25,173025,2020-03-19 20:40:49:337
1.690306,-0.746991,2.585738,0.0,49.84265,24.04232,346.0,NaN,2.736,4.0,127.6,19 / 25,173526,2020-03-19 20:40:49:838
0.852336,-7.929596,-2.446874,0.0,49.84265,24.04232,346.0,NaN,2.736,4.0,127.6,20 / 25,174025,2020-03-19 20:40:50:337
0.737414,-12.545617,-2.087744,0.0,49.84265,24.04232,346.0,NaN,2.736,4.0,127.6,20 / 25,174525,2020-03-19 20:40:50:837
6.311116,-21.375431,-1.70946,0.0,49.84265,24.04232,346.0,NaN,2.736,4.0,127.6,19 / 25,175025,2020-03-19 20:40:51:337
4.276045,-11.63582,-3.586514,0.0,49.84265,24.04232,346.0,NaN,2.736,4.0,127.6,19 / 25,175526,2020-03-19 20:40:51:838
-1.307234,0.684742,-3.98874,0.0,49.84265,24.04232,346.0,NaN,2.736,4.0,127.6,21 / 27,176025,2020-03-19 20:40:52:337
-0.632069,-12.981361,-5.942408,0.0,49.84265,24.04232,346.0,NaN,2.736,4.0,127.6,21 / 27,176525,2020-03-19 20:40:52:837
1.383849,-2.231396,2.494758,0.0,49.84265,24.04232,346.0,NaN,2.736,4.0,127.6,21 / 26,177026,2020-03-19 20:40:53:338
0.095768,-11.463438,-3.878607,0.0,49.84265,24.04232,346.0,NaN,2.736,4.0,127.6,21 / 26,177526,2020-03-19 20:40:53:838
1.762132,-1.910573,2.236184,0.0,49.84265,24.04232,346.0,NaN,2.736,4.0,127.6,19 / 26,178025,2020-03-19 20:40:54:337
2.964022,-6.622362,-2.882619,0.0,49.84265,24.04232,346.0,NaN,2.736,4.0,127.6,19 / 26,178525,2020-03-19 20:40:54:837
-5.60722,-10.304645,2.748544,0.0,49.84265,24.04232,346.0,NaN,2.736,4.0,127.6,19 / 25,179025,2020-03-19 20:40:55:337
5.81791,-16.994043,0.296881,0.0,49.84265,24.04232,346.0,NaN,2.736,4.0,127.6,19 / 25,179525,2020-03-19 20:40:55:837
7.431602,-10.515334,3.5099,0.0,49.84265,24.04232,346.0,NaN,2.736,4.0,127.6,20 / 26,180025,2020-03-19 20:40:56:337
7.393295,-13.857639,-10.223241,0.0,49.84265,24.04232,346.0,NaN,2.736,4.0,127.6,20 / 26,180525,2020-03-19 20:40:56:837
-1.268927,-13.177686,-2.437297,0.0,49.84265,24.04232,346.0,NaN,2.736,4.0,127.6,22 / 25,181025,2020-03-19 20:40:57:337
1.675941,-1.628057,2.413355,0.0,49.84265,24.04232,346.0,NaN,2.736,4.0,127.6,22 / 25,181525,2020-03-19 20:40:57:837
0.148441,-12.727576,-6.617573,0.0,49.84265,24.04232,346.0,NaN,2.736,4.0,127.6,20 / 25,182025,2020-03-19 20:40:58:337
1.173159,-1.422156,2.221819,0.0,49.84265,24.04232,346.0,NaN,2.736,4.0,127.6,20 / 25,182525,2020-03-19 20:40:58:837
2.619257,-7.383718,-3.371036,0.0,49.84265,24.04232,346.0,NaN,2.736,4.0,127.6,20 / 25,183026,2020-03-19 20:40:59:338
2.149993,-11.056423,-2.446874,0.0,49.84265,24.04232,346.0,NaN,2.736,4.0,127.6,20 / 25,183525,2020-03-19 20:40:59:837
1.149217,-7.254431,7.876924,0.0,49.84265,24.04232,346.0,NaN,2.736,4.0,127.6,19 / 24,184025,2020-03-19 20:41:00:337
1.570596,-16.989256,-3.725378,0.0,49.84265,24.04232,346.0,NaN,2.736,4.0,127.6,19 / 24,184525,2020-03-19 20:41:00:837
0.785298,0.881066,-4.486734,0.0,49.84265,24.04232,346.0,NaN,2.736,4.0,127.6,19 / 24,185025,2020-03-19 20:41:01:337
1.000776,-10.955867,-3.576937,0.0,49.84265,24.04232,346.0,NaN,2.736,4.0,127.6,19 / 24,185526,2020-03-19 20:41:01:838
2.987964,-1.005565,3.256114,0.0,49.84265,24.04232,346.0,NaN,2.736,4.0,127.6,19 / 25,186025,2020-03-19 20:41:02:337
1.570596,-11.860875,-2.494758,0.0,49.84265,24.04232,346.0,NaN,2.736,4.0,127.6,19 / 25,186525,2020-03-19 20:41:02:837
3.284845,0.009577,3.711013,0.0,49.84265,24.04232,346.0,NaN,2.736,4.0,127.6,18 / 25,187025,2020-03-19 20:41:03:337
5.583278,-6.047753,-3.495534,0.0,49.84265,24.04232,346.0,NaN,2.736,4.0,127.6,18 / 25,187525,2020-03-19 20:41:03:837
6.196194,-14.571112,-2.576161,0.0,49.84265,24.04232,346.0,NaN,2.736,4.0,127.6,19 / 26,188025,2020-03-19 20:41:04:337
5.147534,-10.802638,8.66701,0.0,49.84265,24.04232,346.0,NaN,2.736,4.0,127.6,19 / 26,188525,2020-03-19 20:41:04:837
-1.786074,-14.451402,-3.533841,0.0,49.84265,24.04232,346.0,NaN,2.736,4.0,127.6,20 / 26,189025,2020-03-19 20:41:05:337
-0.746991,-11.856087,-9.782708,0.0,49.84265,24.04232,346.0,NaN,2.736,4.0,127.6,20 / 26,189526,2020-03-19 20:41:05:838
2.667141,-10.893618,-3.509899,0.0,49.84265,24.04232,346.0,NaN,2.736,4.0,127.6,20 / 26,190025,2020-03-19 20:41:06:337
1.838747,-13.666103,-10.893618,0.0,49.84265,24.04232,346.0,NaN,2.736,4.0,127.6,20 / 26,190525,2020-03-19 20:41:06:837
1.848324,-10.903194,-2.662352,0.0,49.84265,24.04232,346.0,NaN,2.736,4.0,127.6,22 / 26,191025,2020-03-19 20:41:07:337
2.422932,-2.111686,3.801993,0.0,49.84265,24.04232,346.0,NaN,2.736,4.0,127.6,22 / 26,191525,2020-03-19 20:41:07:837
3.998317,-5.693412,-2.987964,0.0,49.84265,24.04232,346.0,NaN,2.736,4.0,127.6,21 / 25,192025,2020-03-19 20:41:08:337
4.256891,-11.032481,-7.541735,0.0,49.84265,24.04232,346.0,NaN,2.736,4.0,127.6,21 / 25,192525,2020-03-19 20:41:08:837
1.628057,-10.951078,9.428367,0.0,49.84265,24.04232,346.0,NaN,2.736,4.0,127.6,21 / 25,193025,2020-03-19 20:41:09:337
1.115698,-15.859192,-2.264915,0.0,49.84265,24.04232,346.0,NaN,2.736,4.0,127.6,21 / 25,193525,2020-03-19 20:41:09:837
-1.541866,-11.631032,-8.303091,0.0,49.84265,24.04232,346.0,NaN,2.736,4.0,127.6,21 / 25,194025,2020-03-19 20:41:10:337
1.810017,-13.982138,-3.715801,0.0,49.84265,24.04232,346.0,NaN,2.736,4.0,127.6,21 / 25,194525,2020-03-19 20:41:10:837
3.303998,-7.896077,-7.297527,0.0,49.84265,24.04232,346.0,NaN,2.736,4.0,127.6,23 / 25,195025,2020-03-19 20:41:11:337
3.337517,-7.900865,-1.412579,0.0,49.84265,24.04232,346.0,NaN,2.736,4.0,127.6,23 / 25,195525,2020-03-19 20:41:11:837
1.82917,-2.035071,3.940856,0.0,49.84265,24.04232,346.0,NaN,2.736,4.0,127.6,24 / 24,196025,2020-03-19 20:41:12:337
4.185065,-5.6982,-4.309563,0.0,49.84265,24.04232,346.0,NaN,2.736,4.0,127.6,24 / 24,196525,2020-03-19 20:41:12:837
5.3678,-11.932701,-4.127603,0.0,49.84265,24.04232,346.0,NaN,2.736,4.0,127.6,21 / 24,197025,2020-03-19 20:41:13:337
3.131616,-1.537077,-9.734824,0.0,49.84265,24.04232,346.0,NaN,2.736,4.0,127.6,21 / 24,197525,2020-03-19 20:41:13:837
5.43005,-12.018892,-5.051765,0.0,49.842464,24.043018,342.0,NaN,3.42,4.0,113.4,22 / 24,198025,2020-03-19 20:41:14:337
7.034165,3.035848,7.814675,0.0,49.842464,24.043018,342.0,NaN,3.42,4.0,113.4,22 / 24,198525,2020-03-19 20:41:14:837
6.368577,-14.657303,-0.435745,0.0,49.842464,24.043018,342.0,NaN,3.42,4.0,113.4,23 / 24,199026,2020-03-19 20:41:15:338
13.182474,-16.883911,-17.156849,0.0,49.842464,24.043018,342.0,NaN,3.42,4.0,113.4,23 / 24,199525,2020-03-19 20:41:15:837
3.347094,-6.698976,-0.972046,0.0,49.842464,24.043018,342.0,NaN,3.42,4.0,113.4,21 / 24,200025,2020-03-19 20:41:16:337
0.78051,-6.904877,3.031059,0.0,49.842464,24.043018,342.0,NaN,3.42,4.0,113.4,21 / 24,200525,2020-03-19 20:41:16:837
2.470816,-16.529568,0.665588,0.0,49.842464,24.043018,342.0,NaN,3.42,4.0,113.4,23 / 24,201025,2020-03-19 20:41:17:337
6.540959,-8.748413,-2.475604,0.0,49.842464,24.043018,342.0,NaN,3.42,4.0,113.4,23 / 24,201525,2020-03-19 20:41:17:837
4.285621,-4.065354,-4.702212,0.0,49.842464,24.043018,342.0,NaN,3.42,4.0,113.4,22 / 24,202025,2020-03-19 20:41:18:337
-0.225055,-13.996503,-3.241749,0.0,49.842464,24.043018,342.0,NaN,3.42,4.0,113.4,22 / 24,202525,2020-03-19 20:41:18:837
2.202666,-2.149993,1.484405,0.0,49.842464,24.043018,342.0,NaN,3.42,4.0,113.4,21 / 25,203025,2020-03-19 20:41:19:337
2.001553,-7.268796,-1.201889,0.0,49.842464,24.043018,342.0,NaN,3.42,4.0,113.4,21 / 25,203526,2020-03-19 20:41:19:838
1.446098,-0.062249,3.797204,0.0,49.842464,24.043018,342.0,NaN,3.42,4.0,113.4,20 / 25,204025,2020-03-19 20:41:20:337
0.220267,-6.641515,-1.005565,0.0,49.842464,24.043018,342.0,NaN,3.42,4.0,113.4,20 / 25,204525,2020-03-19 20:41:20:837
-4.563348,-12.406754,2.269703,0.0,49.842464,24.043018,342.0,NaN,3.42,4.0,113.4,24 / 26,205026,2020-03-19 20:41:21:338
3.327941,-22.716187,-1.719037,0.0,49.842464,24.043018,342.0,NaN,3.42,4.0,113.4,24 / 26,205525,2020-03-19 20:41:21:837
6.196194,-10.462662,-1.244985,0.0,49.842464,24.043018,342.0,NaN,3.42,4.0,113.4,23 / 26,206025,2020-03-19 20:41:22:337
4.343082,-6.191406,-3.983951,0.0,49.842464,24.043018,342.0,NaN,3.42,4.0,113.4,23 / 26,206525,2020-03-19 20:41:22:837
-0.617704,-13.206416,0.311246,0.0,49.842464,24.043018,342.0,NaN,3.42,4.0,113.4,23 / 26,207025,2020-03-19 20:41:23:337
2.240973,-1.810016,2.437297,0.0,49.842464,24.043018,342.0,NaN,3.42,4.0,113.4,23 / 26,207526,2020-03-19 20:41:23:838
1.68073,-6.861782,-0.713472,0.0,49.842464,24.043018,342.0,NaN,3.42,4.0,113.4,23 / 26,208025,2020-03-19 20:41:24:337
2.801216,-1.288081,3.447651,0.0,49.842464,24.043018,342.0,NaN,3.42,4.0,113.4,23 / 26,208526,2020-03-19 20:41:24:838
3.620033,-6.880935,-3.888183,0.0,49.842464,24.043018,342.0,NaN,3.42,4.0,113.4,22 / 25,209025,2020-03-19 20:41:25:337
5.291186,-13.450625,-9.672575,0.0,49.842464,24.043018,342.0,NaN,3.42,4.0,113.4,22 / 25,209525,2020-03-19 20:41:25:837
3.131616,-11.573571,17.48725,0.0,49.842464,24.043018,342.0,NaN,3.42,4.0,113.4,21 / 24,210025,2020-03-19 20:41:26:337
-0.191536,-18.588581,-3.083732,0.0,49.842464,24.043018,342.0,NaN,3.42,4.0,113.4,21 / 24,210525,2020-03-19 20:41:26:837
6.244078,-10.668563,-8.350976,0.0,49.842464,24.043018,342.0,NaN,3.42,4.0,113.4,20 / 26,211025,2020-03-19 20:41:27:337
2.451663,-11.678916,-2.15957,0.0,49.842464,24.043018,342.0,NaN,3.42,4.0,113.4,20 / 26,211525,2020-03-19 20:41:27:837
2.786851,-2.049437,3.20823,0.0,49.842464,24.043018,342.0,NaN,3.42,4.0,113.4,20 / 26,212025,2020-03-19 20:41:28:337
3.428497,-5.72693,-3.888183,0.0,49.842464,24.043018,342.0,NaN,3.42,4.0,113.4,20 / 26,212525,2020-03-19 20:41:28:837
2.647987,-13.038822,-2.647987,0.0,49.842464,24.043018,342.0,NaN,3.42,4.0,113.4,20 / 26,213025,2020-03-19 20:41:29:337
1.484405,-9.404425,0.138864,0.0,49.842464,24.043018,342.0,NaN,3.42,4.0,113.4,20 / 26,213526,2020-03-19 20:41:29:838
8.485051,-14.00608,5.00867,0.0,49.842464,24.043018,342.0,NaN,3.42,4.0,113.4,21 / 25,214025,2020-03-19 20:41:30:337
18.195932,-21.648373,-8.681376,0.0,49.842464,24.043018,342.0,NaN,3.42,4.0,113.4,21 / 25,214525,2020-03-19 20:41:30:837
5.770026,-11.056423,-1.580173,0.0,49.842464,24.043018,342.0,NaN,3.42,4.0,113.4,20 / 25,215025,2020-03-19 20:41:31:337
2.858677,-8.063671,-14.432248,0.0,49.842464,24.043018,342.0,NaN,3.42,4.0,113.4,20 / 25,215525,2020-03-19 20:41:31:837
0.967258,-8.418014,-1.106121,0.0,49.842464,24.043018,342.0,NaN,3.42,4.0,113.4,17 / 25,216025,2020-03-19 20:41:32:337
-4.548983,-10.031705,3.375825,0.0,49.842464,24.043018,342.0,NaN,3.42,4.0,113.4,17 / 25,216525,2020-03-19 20:41:32:837
-0.215478,-20.652384,0.335188,0.0,49.842464,24.043018,342.0,NaN,3.42,4.0,113.4,18 / 24,217025,2020-03-19 20:41:33:337
6.248867,-9.998186,-3.031059,0.0,49.842464,24.043018,342.0,NaN,3.42,4.0,113.4,18 / 24,217525,2020-03-19 20:41:33:837
-1.010353,-17.798496,5.319916,0.0,49.842464,24.043018,342.0,NaN,3.42,4.0,113.4,20 / 25,218025,2020-03-19 20:41:34:337
0.895431,-16.2279,-3.600879,0.0,49.842464,24.043018,342.0,NaN,3.42,4.0,113.4,20 / 25,218525,2020-03-19 20:41:34:837
0.416591,-9.040505,-7.800309,0.0,49.842464,24.043018,342.0,NaN,3.42,4.0,113.4,20 / 25,219025,2020-03-19 20:41:35:337
0.167594,-12.41633,-5.865794,0.0,49.842464,24.043018,342.0,NaN,3.42,4.0,113.4,20 / 25,219525,2020-03-19 20:41:35:837
1.872266,-2.786851,-0.991199,0.0,49.842464,24.043018,342.0,NaN,3.42,4.0,113.4,21 / 25,220025,2020-03-19 20:41:36:337
0.368707,-6.938396,-0.847547,0.0,49.842464,24.043018,342.0,NaN,3.42,4.0,113.4,21 / 25,220525,2020-03-19 20:41:36:837
-3.342306,-12.406754,1.268927,0.0,49.842464,24.043018,342.0,NaN,3.42,4.0,113.4,22 / 25,221025,2020-03-19 20:41:37:337
4.616021,-19.541473,-0.196325,0.0,49.842464,24.043018,342.0,NaN,3.42,4.0,113.4,22 / 25,221525,2020-03-19 20:41:37:837
0.21069,-17.128119,-2.60968,0.0,49.842464,24.043018,342.0,NaN,3.42,4.0,113.4,20 / 25,222025,2020-03-19 20:41:38:337
1.929727,-7.795521,-9.423578,0.0,49.842464,24.043018,342.0,NaN,3.42,4.0,113.4,20 / 25,222525,2020-03-19 20:41:38:837
1.508347,-11.252748,-3.567361,0.0,49.842464,24.043018,342.0,NaN,3.42,4.0,113.4,20 / 25,223025,2020-03-19 20:41:39:337
2.964022,-1.474828,3.725378,0.0,49.842464,24.043018,342.0,NaN,3.42,4.0,113.4,20 / 25,223525,2020-03-19 20:41:39:837
2.212242,-9.682152,-1.728614,0.0,49.842464,24.043018,342.0,NaN,3.42,4.0,113.4,18 / 25,224025,2020-03-19 20:41:40:337
3.05979,-3.438074,3.165135,0.0,49.842464,24.043018,342.0,NaN,3.42,4.0,113.4,18 / 25,224525,2020-03-19 20:41:40:837
3.955221,-9.342175,-1.35033,0.0,49.842464,24.043018,342.0,NaN,3.42,4.0,113.4,17 / 25,225025,2020-03-19 20:41:41:337
7.316681,-12.320562,3.725378,0.0,49.842464,24.043018,342.0,NaN,3.42,4.0,113.4,17 / 25,225525,2020-03-19 20:41:41:837
19.876663,-22.596476,-2.992752,0.0,49.842464,24.043018,342.0,NaN,3.42,4.0,113.4,21 / 25,226025,2020-03-19 20:41:42:337
1.115698,-12.579136,0.555455,0.0,49.842464,24.043018,342.0,NaN,3.42,4.0,113.4,21 / 25,226525,2020-03-19 20:41:42:837
3.62961,-10.989386,-26.906038,0.0,49.842464,24.043018,342.0,NaN,3.42,4.0,113.4,22 / 26,227026,2020-03-19 20:41:43:338
1.417368,-7.460332,1.168371,0.0,49.842464,24.043018,342.0,NaN,3.42,4.0,113.4,22 / 26,227525,2020-03-19 20:41:43:837
20.240582,-14.111424,-7.637503,0.0,49.842464,24.043018,342.0,NaN,3.42,4.0,113.4,19 / 27,228028,2020-03-19 20:41:44:340
3.519477,-7.158663,0.876278,0.0,49.842464,24.043018,342.0,NaN,3.42,4.0,113.4,19 / 27,228525,2020-03-19 20:41:44:837
2.533065,-4.754884,3.414132,0.0,49.842464,24.043018,342.0,NaN,3.42,4.0,113.4,19 / 26,229025,2020-03-19 20:41:45:337
2.868254,-10.82658,0.756568,0.0,49.842464,24.043018,342.0,NaN,3.42,4.0,113.4,19 / 26,229525,2020-03-19 20:41:45:837
6.59842,-13.733141,3.811569,0.0,49.842464,24.043018,342.0,NaN,3.42,4.0,113.4,17 / 26,230025,2020-03-19 20:41:46:337
10.879252,-19.895817,-6.98628,0.0,49.842464,24.043018,342.0,NaN,3.42,4.0,113.4,17 / 26,230525,2020-03-19 20:41:46:837
1.316811,-13.168109,2.408567,0.0,49.842464,24.043018,342.0,NaN,3.42,4.0,113.4,17 / 27,231025,2020-03-19 20:41:47:337
1.690306,-2.011129,1.398214,0.0,49.842464,24.043018,342.0,NaN,3.42,4.0,113.4,17 / 27,231526,2020-03-19 20:41:47:838
1.642422,-7.479486,-2.461239,0.0,49.842464,24.043018,342.0,NaN,3.42,4.0,113.4,19 / 27,232025,2020-03-19 20:41:48:337
-2.925714,-11.271901,2.006341,0.0,49.842464,24.043018,342.0,NaN,3.42,4.0,113.4,19 / 27,232526,2020-03-19 20:41:48:838
4.774039,-17.48725,0.684742,0.0,49.842464,24.043018,342.0,NaN,3.42,4.0,113.4,19 / 27,233026,2020-03-19 20:41:49:338
2.217031,-11.353305,-0.612916,0.0,49.842464,24.043018,342.0,NaN,3.42,4.0,113.4,19 / 27,233526,2020-03-19 20:41:49:838
-2.442086,8.025364,16.400282,0.0,49.842464,24.043018,342.0,NaN,3.42,4.0,113.4,17 / 26,234025,2020-03-19 20:41:50:337
3.045425,-12.914324,-1.666364,0.0,49.842464,24.043018,342.0,NaN,3.42,4.0,113.4,17 / 26,234525,2020-03-19 20:41:50:837
7.469909,-9.255983,-15.155296,0.0,49.842464,24.043018,342.0,NaN,3.42,4.0,113.4,19 / 26,235026,2020-03-19 20:41:51:338
0.608127,-8.159439,0.871489,0.0,49.842464,24.043018,342.0,NaN,3.42,4.0,113.4,19 / 26,235525,2020-03-19 20:41:51:837
-0.842759,-9.23683,2.054225,0.0,49.842464,24.043018,342.0,NaN,3.42,4.0,113.4,21 / 26,236025,2020-03-19 20:41:52:337
2.437297,-14.259866,0.167594,0.0,49.842464,24.043018,342.0,NaN,3.42,4.0,113.4,21 / 26,236525,2020-03-19 20:41:52:837
2.418144,-15.097836,-3.572149,0.0,49.842464,24.043018,342.0,NaN,3.42,4.0,113.4,18 / 25,237025,2020-03-19 20:41:53:337
5.161899,5.76045,-11.832145,0.0,49.842464,24.043018,342.0,NaN,3.42,4.0,113.4,18 / 25,237526,2020-03-19 20:41:53:838
6.287174,-12.157756,-5.099649,0.0,49.842464,24.043018,342.0,NaN,3.42,4.0,113.4,18 / 24,238025,2020-03-19 20:41:54:337
16.543934,-13.005303,-17.659632,0.0,49.842464,24.043018,342.0,NaN,3.42,4.0,113.4,18 / 24,238526,2020-03-19 20:41:54:838
4.347871,-10.419566,-0.11971,0.0,49.842464,24.043018,342.0,NaN,3.42,4.0,113.4,16 / 25,239025,2020-03-19 20:41:55:337
1.297657,-4.041412,3.275268,0.0,49.842464,24.043018,342.0,NaN,3.42,4.0,113.4,16 / 25,239525,2020-03-19 20:41:55:837
5.176265,-8.987833,-2.537854,0.0,49.842464,24.043018,342.0,NaN,3.42,4.0,113.4,21 / 25,240026,2020-03-19 20:41:56:338
7.010223,-14.700398,3.801993,0.0,49.842464,24.043018,342.0,NaN,3.42,4.0,113.4,21 / 25,240525,2020-03-19 20:41:56:837
1.915361,-10.19451,16.294937,0.0,49.842464,24.043018,342.0,NaN,3.42,4.0,113.4,20 / 26,241025,2020-03-19 20:41:57:337
0.067038,-14.178462,1.273715,0.0,49.842464,24.043018,342.0,NaN,3.42,4.0,113.4,20 / 26,241525,2020-03-19 20:41:57:837
6.023812,-11.152191,-15.47612,0.0,49.842464,24.043018,342.0,NaN,3.42,4.0,113.4,19 / 28,242027,2020-03-19 20:41:58:339
4.611233,-6.823475,-0.062249,0.0,49.842464,24.043018,342.0,NaN,3.42,4.0,113.4,19 / 28,242525,2020-03-19 20:41:58:837
1.675941,-3.184288,3.902549,0.0,49.842464,24.043018,342.0,NaN,3.42,4.0,113.4,19 / 27,243025,2020-03-19 20:41:59:337
3.256114,-9.959879,-0.316035,0.0,49.842464,24.043018,342.0,NaN,3.42,4.0,113.4,19 / 27,243525,2020-03-19 20:41:59:837
8.30788,-13.64695,2.226608,0.0,49.842464,24.043018,342.0,NaN,3.42,4.0,113.4,17 / 26,244025,2020-03-19 20:42:00:337
0.766145,-11.45865,0.143652,0.0,49.842464,24.043018,342.0,NaN,3.42,4.0,113.4,17 / 26,244525,2020-03-19 20:42:00:837
7.963115,-11.410766,2.121263,0.0,49.842464,24.043018,342.0,NaN,3.42,4.0,113.4,17 / 26,245026,2020-03-19 20:42:01:338
8.599973,-16.065094,-7.642292,0.0,49.842464,24.043018,342.0,NaN,3.42,4.0,113.4,17 / 26,245526,2020-03-19 20:42:01:838
-0.234632,-13.804967,2.097321,0.0,49.842247,24.043812,331.0,NaN,4.104,5.5,134.3,19 / 27,246025,2020-03-19 20:42:02:337
2.499547,-3.667917,-1.781286,0.0,49.842247,24.043812,331.0,NaN,4.104,5.5,134.3,19 / 27,246525,2020-03-19 20:42:02:837
-0.742202,-13.52724,0.21069,0.0,49.842247,24.043812,331.0,NaN,4.104,5.5,134.3,18 / 27,247026,2020-03-19 20:42:03:338
3.533842,-3.203442,2.949657,0.0,49.842247,24.043812,331.0,NaN,4.104,5.5,134.3,18 / 27,247525,2020-03-19 20:42:03:837
4.793192,-9.11712,0.11971,0.0,49.842247,24.043812,331.0,NaN,4.104,5.5,134.3,18 / 27,248025,2020-03-19 20:42:04:337
8.39886,-12.08593,2.738967,0.0,49.842247,24.043812,331.0,NaN,4.104,5.5,134.3,18 / 27,248525,2020-03-19 20:42:04:837
11.305421,-22.629995,-16.04594,0.0,49.842247,24.043812,331.0,NaN,4.104,5.5,134.3,17 / 27,249025,2020-03-19 20:42:05:337
1.891419,-13.613431,2.743755,0.0,49.842247,24.043812,331.0,NaN,4.104,5.5,134.3,17 / 27,249525,2020-03-19 20:42:05:837
3.916914,-3.964798,-2.303222,0.0,49.842247,24.043812,331.0,NaN,4.104,5.5,134.3,21 / 25,250025,2020-03-19 20:42:06:337
1.13964,-7.5561,-1.766921,0.0,49.842247,24.043812,331.0,NaN,4.104,5.5,134.3,21 / 25,250525,2020-03-19 20:42:06:837
-2.394202,-10.026917,2.624045,0.0,49.842247,24.043812,331.0,NaN,4.104,5.5,134.3,17 / 24,251025,2020-03-19 20:42:07:337
-3.251326,-16.242264,0.497994,0.0,49.842247,24.043812,331.0,NaN,4.104,5.5,134.3,17 / 24,251526,2020-03-19 20:42:07:838
6.359,-9.528923,-1.939303,0.0,49.842247,24.043812,331.0,NaN,4.104,5.5,134.3,17 / 25,252025,2020-03-19 20:42:08:337
0.445322,-17.319654,3.711013,0.0,49.842247,24.043812,331.0,NaN,4.104,5.5,134.3,17 / 25,252526,2020-03-19 20:42:08:838
3.892972,-12.607866,-4.094085,0.0,49.842247,24.043812,331.0,NaN,4.104,5.5,134.3,19 / 24,253025,2020-03-19 20:42:09:337
-1.273715,-2.825158,-5.971139,0.0,49.842247,24.043812,331.0,NaN,4.104,5.5,134.3,19 / 24,253525,2020-03-19 20:42:09:837
-0.45011,-12.65575,-7.067683,0.0,49.842247,24.043812,331.0,NaN,4.104,5.5,134.3,19 / 24,254025,2020-03-19 20:42:10:337
3.385401,-0.009577,4.141969,0.0,49.842247,24.043812,331.0,NaN,4.104,5.5,134.3,19 / 24,254525,2020-03-19 20:42:10:837
1.805228,-7.5561,-1.747767,0.0,49.842247,24.043812,331.0,NaN,4.104,5.5,134.3,20 / 25,255026,2020-03-19 20:42:11:338
3.275268,-12.430696,-1.446098,0.0,49.842247,24.043812,331.0,NaN,4.104,5.5,134.3,20 / 25,255525,2020-03-19 20:42:11:837
9.768343,10.625467,-18.090588,0.0,49.842247,24.043812,331.0,NaN,4.104,5.5,134.3,19 / 25,256026,2020-03-19 20:42:12:338
2.94008,-12.47858,0.215478,0.0,49.842247,24.043812,331.0,NaN,4.104,5.5,134.3,19 / 25,256525,2020-03-19 20:42:12:837
11.99495,-19.900604,-13.991714,0.0,49.842247,24.043812,331.0,NaN,4.104,5.5,134.3,19 / 25,257025,2020-03-19 20:42:13:337
1.034295,-11.789049,0.11971,0.0,49.842247,24.043812,331.0,NaN,4.104,5.5,134.3,19 / 25,257525,2020-03-19 20:42:13:837
2.96881,-2.437297,-0.469264,0.0,49.842247,24.043812,331.0,NaN,4.104,5.5,134.3,18 / 26,258025,2020-03-19 20:42:14:337
1.58975,-7.40766,-0.474052,0.0,49.842247,24.043812,331.0,NaN,4.104,5.5,134.3,18 / 26,258525,2020-03-19 20:42:14:837
-2.092532,-10.13705,2.901773,0.0,49.842247,24.043812,331.0,NaN,4.104,5.5,134.3,16 / 26,259025,2020-03-19 20:42:15:337
1.173159,-18.248606,1.781286,0.0,49.842247,24.043812,331.0,NaN,4.104,5.5,134.3,16 / 26,259525,2020-03-19 20:42:15:837
1.479617,-14.662091,-4.170699,0.0,49.842247,24.043812,331.0,NaN,4.104,5.5,134.3,16 / 25,260025,2020-03-19 20:42:16:337
-1.958457,-2.82037,-3.840299,0.0,49.842247,24.043812,331.0,NaN,4.104,5.5,134.3,16 / 25,260525,2020-03-19 20:42:16:837
-0.196325,-10.534488,-3.495534,0.0,49.842247,24.043812,331.0,NaN,4.104,5.5,134.3,20 / 25,261025,2020-03-19 20:42:17:337
2.738967,-1.987187,3.375825,0.0,49.842247,24.043812,331.0,NaN,4.104,5.5,134.3,20 / 25,261525,2020-03-19 20:42:17:837
0.426168,-12.133814,-4.304775,0.0,49.842247,24.043812,331.0,NaN,4.104,5.5,134.3,20 / 25,262025,2020-03-19 20:42:18:337
2.542642,-1.675941,2.806004,0.0,49.842247,24.043812,331.0,NaN,4.104,5.5,134.3,20 / 25,262525,2020-03-19 20:42:18:837
5.525818,-8.202534,-1.805228,0.0,49.842247,24.043812,331.0,NaN,4.104,5.5,134.3,21 / 25,263026,2020-03-19 20:42:19:338
11.774684,-12.440272,2.853889,0.0,49.842247,24.043812,331.0,NaN,4.104,5.5,134.3,21 / 25,263525,2020-03-19 20:42:19:837
4.659117,-0.023942,23.252487,0.0,49.842247,24.043812,331.0,NaN,4.104,5.5,134.3,19 / 25,264026,2020-03-19 20:42:20:338
3.198654,-12.435484,0.430956,0.0,49.842247,24.043812,331.0,NaN,4.104,5.5,134.3,19 / 25,264525,2020-03-19 20:42:20:837
6.459556,-10.141838,-20.1496,0.0,49.842247,24.043812,331.0,NaN,4.104,5.5,134.3,20 / 25,265026,2020-03-19 20:42:21:338
1.891419,-7.321469,-0.186748,0.0,49.842247,24.043812,331.0,NaN,4.104,5.5,134.3,20 / 25,265525,2020-03-19 20:42:21:837
-0.938527,-7.043741,2.552219,0.0,49.842247,24.043812,331.0,NaN,4.104,5.5,134.3,19 / 25,266026,2020-03-19 20:42:22:338
1.532289,-6.995857,-0.411803,0.0,49.842247,24.043812,331.0,NaN,4.104,5.5,134.3,19 / 25,266525,2020-03-19 20:42:22:837
-0.761356,-10.663774,1.249773,0.0,49.842247,24.043812,331.0,NaN,4.104,5.5,134.3,20 / 24,267025,2020-03-19 20:42:23:337
1.403002,-7.115567,14.365211,0.0,49.842247,24.043812,331.0,NaN,4.104,5.5,134.3,20 / 24,267525,2020-03-19 20:42:23:837
1.254562,-13.972561,-1.848324,0.0,49.842247,24.043812,331.0,NaN,4.104,5.5,134.3,23 / 25,268025,2020-03-19 20:42:24:337
13.919888,-17.884687,-14.049175,0.0,49.842247,24.043812,331.0,NaN,4.104,5.5,134.3,23 / 25,268525,2020-03-19 20:42:24:837
4.630386,-7.963114,1.460463,0.0,49.842247,24.043812,331.0,NaN,4.104,5.5,134.3,20 / 25,269026,2020-03-19 20:42:25:338
2.806004,-3.500323,4.218584,0.0,49.842247,24.043812,331.0,NaN,4.104,5.5,134.3,20 / 25,269525,2020-03-19 20:42:25:837
4.793192,-9.56723,-1.053449,0.0,49.842247,24.043812,331.0,NaN,4.104,5.5,134.3,19 / 24,270026,2020-03-19 20:42:26:338
2.451663,-2.264915,4.074931,0.0,49.842247,24.043812,331.0,NaN,4.104,5.5,134.3,19 / 24,270525,2020-03-19 20:42:26:837
5.530606,-8.5473,-0.248997,0.0,49.842247,24.043812,331.0,NaN,4.104,5.5,134.3,21 / 26,271025,2020-03-19 20:42:27:337
2.920926,-12.837709,0.225055,0.0,49.842247,24.043812,331.0,NaN,4.104,5.5,134.3,21 / 26,271525,2020-03-19 20:42:27:837
0.181959,-5.482722,-4.793192,0.0,49.842247,24.043812,331.0,NaN,4.104,5.5,134.3,19 / 25,272025,2020-03-19 20:42:28:337
2.236184,-10.184934,-1.58975,0.0,49.842247,24.043812,331.0,NaN,4.104,5.5,134.3,19 / 25,272525,2020-03-19 20:42:28:837
3.519477,-1.853112,3.303998,0.0,49.842247,24.043812,331.0,NaN,4.104,5.5,134.3,19 / 26,273025,2020-03-19 20:42:29:337
3.792416,-7.948749,-2.087744,0.0,49.842247,24.043812,331.0,NaN,4.104,5.5,134.3,19 / 26,273525,2020-03-19 20:42:29:837
10.711658,-14.293385,1.80044,0.0,49.842247,24.043812,331.0,NaN,4.104,5.5,134.3,22 / 26,274025,2020-03-19 20:42:30:337
2.5187,-10.520123,0.282516,0.0,49.842247,24.043812,331.0,NaN,4.104,5.5,134.3,22 / 26,274525,2020-03-19 20:42:30:837
9.883265,-13.019669,2.810793,0.0,49.842247,24.043812,331.0,NaN,4.104,5.5,134.3,21 / 26,275025,2020-03-19 20:42:31:337
4.223372,-24.861391,-11.046846,0.0,49.842247,24.043812,331.0,NaN,4.104,5.5,134.3,21 / 26,275526,2020-03-19 20:42:31:838
0.129287,-13.01488,1.015142,0.0,49.842247,24.043812,331.0,NaN,4.104,5.5,134.3,18 / 27,276025,2020-03-19 20:42:32:337
1.268927,-4.874594,-6.277597,0.0,49.842247,24.043812,331.0,NaN,4.104,5.5,134.3,18 / 27,276525,2020-03-19 20:42:32:837
1.13964,-7.699753,0.555455,0.0,49.842247,24.043812,331.0,NaN,4.104,5.5,134.3,20 / 27,277025,2020-03-19 20:42:33:337
1.651999,-4.606444,3.514688,0.0,49.842247,24.043812,331.0,NaN,4.104,5.5,134.3,20 / 27,277526,2020-03-19 20:42:33:838
-3.078943,-17.372328,-0.790087,0.0,49.842247,24.043812,331.0,NaN,4.104,5.5,134.3,19 / 27,278025,2020-03-19 20:42:34:337
0.737414,-5.60722,3.064578,0.0,49.842247,24.043812,331.0,NaN,4.104,5.5,134.3,19 / 27,278525,2020-03-19 20:42:34:837
0.890643,-12.368446,0.536301,0.0,49.842247,24.043812,331.0,NaN,4.104,5.5,134.3,18 / 27,279025,2020-03-19 20:42:35:337
10.793061,-10.591949,1.814805,0.0,49.842247,24.043812,331.0,NaN,4.104,5.5,134.3,18 / 27,279526,2020-03-19 20:42:35:838
13.790602,-22.395363,-13.991714,0.0,49.842247,24.043812,331.0,NaN,4.104,5.5,134.3,17 / 28,280025,2020-03-19 20:42:36:337
1.072602,-11.506534,-2.413355,0.0,49.842247,24.043812,331.0,NaN,4.104,5.5,134.3,17 / 28,280525,2020-03-19 20:42:36:837
3.289633,-1.987187,0.526724,0.0,49.842247,24.043812,331.0,NaN,4.104,5.5,134.3,16 / 27,281025,2020-03-19 20:42:37:337
1.570596,-7.019799,-1.096544,0.0,49.842247,24.043812,331.0,NaN,4.104,5.5,134.3,16 / 27,281526,2020-03-19 20:42:37:838
0.555455,-8.058882,1.771709,0.0,49.842247,24.043812,331.0,NaN,4.104,5.5,134.3,14 / 27,282025,2020-03-19 20:42:38:337
3.768474,-20.12566,4.022259,0.0,49.842247,24.043812,331.0,NaN,4.104,5.5,134.3,14 / 27,282525,2020-03-19 20:42:38:837
7.958327,-9.303867,2.839523,0.0,49.842247,24.043812,331.0,NaN,4.104,5.5,134.3,18 / 28,283026,2020-03-19 20:42:39:338
6.694188,-5.300762,-5.492298,0.0,49.842247,24.043812,331.0,NaN,4.104,5.5,134.3,18 / 28,283525,2020-03-19 20:42:39:837
2.341529,-16.7642,-4.103661,0.0,49.842247,24.043812,331.0,NaN,4.104,5.5,134.3,20 / 27,284025,2020-03-19 20:42:40:337
-1.699883,-4.261679,-3.53863,0.0,49.842247,24.043812,331.0,NaN,4.104,5.5,134.3,20 / 27,284525,2020-03-19 20:42:40:837
1.015142,-11.971008,-2.509123,0.0,49.842247,24.043812,331.0,NaN,4.104,5.5,134.3,21 / 29,285025,2020-03-19 20:42:41:337
2.437297,-1.570596,3.663129,0.0,49.842247,24.043812,331.0,NaN,4.104,5.5,134.3,21 / 29,285526,2020-03-19 20:42:41:838
3.548207,-4.764461,-2.96881,0.0,49.842247,24.043812,331.0,NaN,4.104,5.5,134.3,23 / 30,286025,2020-03-19 20:42:42:337
0.397437,-11.089942,-2.896984,0.0,49.842247,24.043812,331.0,NaN,4.104,5.5,134.3,23 / 30,286525,2020-03-19 20:42:42:837
4.932056,-13.01488,2.413355,0.0,49.842247,24.043812,331.0,NaN,4.104,5.5,134.3,21 / 28,287025,2020-03-19 20:42:43:337
1.900996,-16.237476,-2.633622,0.0,49.842247,24.043812,331.0,NaN,4.104,5.5,134.3,21 / 28,287526,2020-03-19 20:42:43:838
-3.203442,-1.723825,-6.200982,0.0,49.842247,24.043812,331.0,NaN,4.104,5.5,134.3,19 / 28,288025,2020-03-19 20:42:44:337
2.169147,-10.16578,-1.551443,0.0,49.842247,24.043812,331.0,NaN,4.104,5.5,134.3,19 / 28,288527,2020-03-19 20:42:44:839
8.839393,-17.927782,-15.768212,0.0,49.842247,24.043812,331.0,NaN,4.104,5.5,134.3,19 / 27,289025,2020-03-19 20:42:45:337
3.351883,-7.225701,0.972046,0.0,49.842247,24.043812,331.0,NaN,4.104,5.5,134.3,19 / 27,289526,2020-03-19 20:42:45:838
2.006341,-3.236961,3.203442,0.0,49.842247,24.043812,331.0,NaN,4.104,5.5,134.3,20 / 26,290026,2020-03-19 20:42:46:338
-0.162806,-11.113884,-0.201113,0.0,49.842247,24.043812,331.0,NaN,4.104,5.5,134.3,20 / 26,290525,2020-03-19 20:42:46:837
7.16824,-9.65821,2.015918,0.0,49.842247,24.043812,331.0,NaN,4.104,5.5,134.3,19 / 25,291025,2020-03-19 20:42:47:337
1.13964,-4.965574,-6.258443,0.0,49.842247,24.043812,331.0,NaN,4.104,5.5,134.3,19 / 25,291526,2020-03-19 20:42:47:838
-0.47884,-12.162544,-4.91769,0.0,49.842247,24.043812,331.0,NaN,4.104,5.5,134.3,19 / 26,292025,2020-03-19 20:42:48:337
3.026271,-1.345541,3.27048,0.0,49.842247,24.043812,331.0,NaN,4.104,5.5,134.3,19 / 26,292525,2020-03-19 20:42:48:837
1.067814,-11.827356,-3.552995,0.0,49.842247,24.043812,331.0,NaN,4.104,5.5,134.3,21 / 26,293025,2020-03-19 20:42:49:337
2.839523,-1.04866,3.380613,0.0,49.842247,24.043812,331.0,NaN,4.104,5.5,134.3,21 / 26,293525,2020-03-19 20:42:49:837
1.345541,-6.83784,-1.316811,0.0,49.842022,24.044632,334.0,NaN,5.148,4.5,114.8,18 / 27,294025,2020-03-19 20:42:50:337
-0.914585,-11.329363,2.298434,0.0,49.842022,24.044632,334.0,NaN,5.148,4.5,114.8,18 / 27,294525,2020-03-19 20:42:50:837
0.790087,-18.095375,1.877054,0.0,49.842022,24.044632,334.0,NaN,5.148,4.5,114.8,16 / 26,295025,2020-03-19 20:42:51:337
5.856218,-10.204087,0.105345,0.0,49.842022,24.044632,334.0,NaN,5.148,4.5,114.8,16 / 26,295525,2020-03-19 20:42:51:837
0.943315,-5.956774,-3.768473,0.0,49.842022,24.044632,334.0,NaN,5.148,4.5,114.8,16 / 24,296026,2020-03-19 20:42:52:338
1.024718,-11.999739,-1.781286,0.0,49.842022,24.044632,334.0,NaN,5.148,4.5,114.8,16 / 24,296525,2020-03-19 20:42:52:837
1.168371,-2.437297,-0.785298,0.0,49.842022,24.044632,334.0,NaN,5.148,4.5,114.8,19 / 27,297025,2020-03-19 20:42:53:337
0.339977,-12.138602,0.814029,0.0,49.842022,24.044632,334.0,NaN,5.148,4.5,114.8,19 / 27,297525,2020-03-19 20:42:53:837
2.25055,-0.282516,1.446098,0.0,49.842022,24.044632,334.0,NaN,5.148,4.5,114.8,21 / 28,298025,2020-03-19 20:42:54:337
1.422156,-6.828263,-2.073379,0.0,49.842022,24.044632,334.0,NaN,5.148,4.5,114.8,21 / 28,298525,2020-03-19 20:42:54:837
0.114922,-9.892841,-4.893748,0.0,49.842022,24.044632,334.0,NaN,5.148,4.5,114.8,22 / 28,299025,2020-03-19 20:42:55:337
0.248997,-20.738573,-0.062249,0.0,49.842022,24.044632,334.0,NaN,5.148,4.5,114.8,22 / 28,299525,2020-03-19 20:42:55:837
7.666234,-9.260772,-2.863465,0.0,49.842022,24.044632,334.0,NaN,5.148,4.5,114.8,17 / 27,300025,2020-03-19 20:42:56:337
-1.877054,0.459687,-3.591303,0.0,49.842022,24.044632,334.0,NaN,5.148,4.5,114.8,17 / 27,300526,2020-03-19 20:42:56:838
-0.100556,-12.899959,-6.698976,0.0,49.842022,24.044632,334.0,NaN,5.148,4.5,114.8,18 / 27,301026,2020-03-19 20:42:57:338
1.489194,-1.154005,-5.501875,0.0,49.842022,24.044632,334.0,NaN,5.148,4.5,114.8,18 / 27,301525,2020-03-19 20:42:57:837
0.483629,-13.642161,-7.177817,0.0,49.842022,24.044632,334.0,NaN,5.148,4.5,114.8,17 / 24,302025,2020-03-19 20:42:58:337
2.786851,-3.040636,3.174712,0.0,49.842022,24.044632,334.0,NaN,5.148,4.5,114.8,17 / 24,302525,2020-03-19 20:42:58:837
2.245761,-6.23929,-0.282516,0.0,49.842022,24.044632,334.0,NaN,5.148,4.5,114.8,21 / 24,303025,2020-03-19 20:42:59:337
1.675941,-10.94629,-0.105345,0.0,49.842022,24.044632,334.0,NaN,5.148,4.5,114.8,21 / 24,303525,2020-03-19 20:42:59:837
10.649409,-18.215086,1.388637,0.0,49.842022,24.044632,334.0,NaN,5.148,4.5,114.8,17 / 25,304025,2020-03-19 20:43:00:337
5.947197,-12.631808,-4.003105,0.0,49.842022,24.044632,334.0,NaN,5.148,4.5,114.8,17 / 25,304525,2020-03-19 20:43:00:837
-1.326388,-4.405331,-4.975151,0.0,49.842022,24.044632,334.0,NaN,5.148,4.5,114.8,17 / 25,305025,2020-03-19 20:43:01:337
0.804452,-14.911088,-4.122815,0.0,49.842022,24.044632,334.0,NaN,5.148,4.5,114.8,17 / 25,305525,2020-03-19 20:43:01:837
1.393425,-0.421379,-5.655104,0.0,49.842022,24.044632,334.0,NaN,5.148,4.5,114.8,18 / 25,306025,2020-03-19 20:43:02:337
-2.288857,-13.206416,-8.130708,0.0,49.842022,24.044632,334.0,NaN,5.148,4.5,114.8,18 / 25,306526,2020-03-19 20:43:02:838
3.251326,-1.675941,2.892196,0.0,49.842022,24.044632,334.0,NaN,5.148,4.5,114.8,21 / 26,307025,2020-03-19 20:43:03:337
4.443639,-5.473145,-4.256891,0.0,49.842022,24.044632,334.0,NaN,5.148,4.5,114.8,21 / 26,307525,2020-03-19 20:43:03:837
10.376471,-14.42746,0.972046,0.0,49.842022,24.044632,334.0,NaN,5.148,4.5,114.8,19 / 26,308025,2020-03-19 20:43:04:337
1.115698,17.683575,22.275652,0.0,49.842022,24.044632,334.0,NaN,5.148,4.5,114.8,19 / 26,308525,2020-03-19 20:43:04:837
4.596867,-12.933477,-2.892196,0.0,49.842022,24.044632,334.0,NaN,5.148,4.5,114.8,21 / 26,309025,2020-03-19 20:43:05:337
15.217546,-21.480778,-18.32522,0.0,49.842022,24.044632,334.0,NaN,5.148,4.5,114.8,21 / 26,309526,2020-03-19 20:43:05:838
5.702989,-6.737283,1.714248,0.0,49.842022,24.044632,334.0,NaN,5.148,4.5,114.8,20 / 26,310025,2020-03-19 20:43:06:337
2.097321,-10.01734,-21.993137,0.0,49.842022,24.044632,334.0,NaN,5.148,4.5,114.8,20 / 26,310526,2020-03-19 20:43:06:838
1.244985,-6.971915,0.6608,0.0,49.842022,24.044632,334.0,NaN,5.148,4.5,114.8,22 / 26,311025,2020-03-19 20:43:07:337
2.63841,-3.883395,4.213795,0.0,49.842022,24.044632,334.0,NaN,5.148,4.5,114.8,22 / 26,311525,2020-03-19 20:43:07:837
2.911349,-10.16578,0.043096,0.0,49.842022,24.044632,334.0,NaN,5.148,4.5,114.8,20 / 26,312025,2020-03-19 20:43:08:337
10.82658,-13.192051,1.690306,0.0,49.842022,24.044632,334.0,NaN,5.148,4.5,114.8,20 / 26,312526,2020-03-19 20:43:08:838
11.314998,-17.075447,-7.10599,0.0,49.842022,24.044632,334.0,NaN,5.148,4.5,114.8,19 / 25,313025,2020-03-19 20:43:09:337
-0.531513,-12.334928,-0.703895,0.0,49.842022,24.044632,334.0,NaN,5.148,4.5,114.8,19 / 25,313525,2020-03-19 20:43:09:837
2.504335,-1.963245,1.393425,0.0,49.842022,24.044632,334.0,NaN,5.148,4.5,114.8,20 / 25,314026,2020-03-19 20:43:10:338
-0.392649,-12.042834,0.459687,0.0,49.842022,24.044632,334.0,NaN,5.148,4.5,114.8,20 / 25,314525,2020-03-19 20:43:10:837
1.891419,-3.131616,-3.466804,0.0,49.842022,24.044632,334.0,NaN,5.148,4.5,114.8,20 / 24,315025,2020-03-19 20:43:11:337
0.727837,-8.374918,-2.126051,0.0,49.842022,24.044632,334.0,NaN,5.148,4.5,114.8,20 / 24,315526,2020-03-19 20:43:11:838
-2.173935,-11.587936,1.49877,0.0,49.842022,24.044632,334.0,NaN,5.148,4.5,114.8,16 / 23,316025,2020-03-19 20:43:12:337
11.410766,-21.418528,1.283292,0.0,49.842022,24.044632,334.0,NaN,5.148,4.5,114.8,16 / 23,316525,2020-03-19 20:43:12:837
-0.823605,-18.703505,-1.671153,0.0,49.842022,24.044632,334.0,NaN,5.148,4.5,114.8,20 / 24,317025,2020-03-19 20:43:13:337
-0.421379,-3.078943,-3.964798,0.0,49.842022,24.044632,334.0,NaN,5.148,4.5,114.8,20 / 24,317526,2020-03-19 20:43:13:838
1.206678,-11.563994,-1.642422,0.0,49.842022,24.044632,334.0,NaN,5.148,4.5,114.8,20 / 24,318025,2020-03-19 20:43:14:337
11.544841,-16.323668,-14.944607,0.0,49.842022,24.044632,334.0,NaN,5.148,4.5,114.8,20 / 24,318525,2020-03-19 20:43:14:837
6.019023,-8.63828,2.173935,0.0,49.842022,24.044632,334.0,NaN,5.148,4.5,114.8,19 / 23,319025,2020-03-19 20:43:15:337
3.055001,-5.884948,3.916914,0.0,49.842022,24.044632,334.0,NaN,5.148,4.5,114.8,19 / 23,319525,2020-03-19 20:43:15:837
0.866701,-9.854534,2.154782,0.0,49.842022,24.044632,334.0,NaN,5.148,4.5,114.8,20 / 23,320025,2020-03-19 20:43:16:337
2.197877,-13.895947,-2.116474,0.0,49.842022,24.044632,334.0,NaN,5.148,4.5,114.8,20 / 23,320525,2020-03-19 20:43:16:837
1.182736,-6.493075,-5.415684,0.0,49.842022,24.044632,334.0,NaN,5.148,4.5,114.8,19 / 23,321025,2020-03-19 20:43:17:337
2.236184,-8.494628,2.633622,0.0,49.842022,24.044632,334.0,NaN,5.148,4.5,114.8,19 / 23,321525,2020-03-19 20:43:17:837
3.332729,-4.314351,2.930503,0.0,49.842022,24.044632,334.0,NaN,5.148,4.5,114.8,17 / 23,322025,2020-03-19 20:43:18:337
4.333505,-12.224793,-0.833182,0.0,49.842022,24.044632,334.0,NaN,5.148,4.5,114.8,17 / 23,322525,2020-03-19 20:43:18:837
-0.263362,-8.738836,2.523489,0.0,49.842022,24.044632,334.0,NaN,5.148,4.5,114.8,19 / 24,323025,2020-03-19 20:43:19:337
2.504335,-22.572535,4.64954,0.0,49.842022,24.044632,334.0,NaN,5.148,4.5,114.8,19 / 24,323525,2020-03-19 20:43:19:837
5.386954,-14.60463,-4.419696,0.0,49.842022,24.044632,334.0,NaN,5.148,4.5,114.8,19 / 24,324026,2020-03-19 20:43:20:338
3.964798,-10.505757,-7.465121,0.0,49.842022,24.044632,334.0,NaN,5.148,4.5,114.8,19 / 24,324525,2020-03-19 20:43:20:837
2.06859,-8.480263,1.56102,0.0,49.842022,24.044632,334.0,NaN,5.148,4.5,114.8,22 / 23,325026,2020-03-19 20:43:21:338
2.782062,-14.609419,-3.701436,0.0,49.842022,24.044632,334.0,NaN,5.148,4.5,114.8,22 / 23,325525,2020-03-19 20:43:21:837
3.232172,-10.266336,-7.450755,0.0,49.842022,24.044632,334.0,NaN,5.148,4.5,114.8,19 / 25,326025,2020-03-19 20:43:22:337
0.995988,-4.529829,8.044518,0.0,49.842022,24.044632,334.0,NaN,5.148,4.5,114.8,19 / 25,326525,2020-03-19 20:43:22:837
8.633492,-23.539791,-11.099519,0.0,49.842022,24.044632,334.0,NaN,5.148,4.5,114.8,17 / 25,327026,2020-03-19 20:43:23:338
3.107674,-10.338163,-4.893748,0.0,49.842022,24.044632,334.0,NaN,5.148,4.5,114.8,17 / 25,327525,2020-03-19 20:43:23:837
-0.383072,-15.643714,-0.430956,0.0,49.842022,24.044632,334.0,NaN,5.148,4.5,114.8,18 / 26,328025,2020-03-19 20:43:24:337
-0.09098,-8.111555,-2.580949,0.0,49.842022,24.044632,334.0,NaN,5.148,4.5,114.8,18 / 26,328526,2020-03-19 20:43:24:838
-3.011906,-12.732365,6.100426,0.0,49.842022,24.044632,334.0,NaN,5.148,4.5,114.8,22 / 26,329026,2020-03-19 20:43:25:338
-4.750096,-1.446098,5.66947,8.0,49.842022,24.044632,334.0,NaN,5.148,4.5,114.8,22 / 26,329525,2020-03-19 20:43:25:837
0.9912,4.630386,7.580043,8.0,49.842022,24.044632,334.0,NaN,5.148,4.5,114.8,20 / 26,330025,2020-03-19 20:43:26:337
0.043096,2.738967,8.882488,8.0,49.842022,24.044632,334.0,NaN,5.148,4.5,114.8,20 / 26,330525,2020-03-19 20:43:26:837
1.206678,4.419697,8.647857,8.0,49.842022,24.044632,334.0,NaN,5.148,4.5,114.8,21 / 26,331026,2020-03-19 20:43:27:338
-0.014365,5.267244,8.082825,8.0,49.842022,24.044632,334.0,NaN,5.148,4.5,114.8,21 / 26,331525,2020-03-19 20:43:27:837
-0.062249,4.960786,8.221689,8.0,49.842022,24.044632,334.0,NaN,5.148,4.5,114.8,21 / 26,332025,2020-03-19 20:43:28:337
0.397437,4.702213,8.48984,8.0,49.842022,24.044632,334.0,NaN,5.148,4.5,114.8,21 / 26,332525,2020-03-19 20:43:28:837
1.043872,5.070919,8.164228,8.0,49.842022,24.044632,334.0,NaN,5.148,4.5,114.8,21 / 26,333025,2020-03-19 20:43:29:337
3.624822,6.584055,7.460333,8.0,49.842022,24.044632,334.0,NaN,5.148,4.5,114.8,21 / 26,333526,2020-03-19 20:43:29:838
0.3304,3.902549,8.552089,8.0,49.842022,24.044632,334.0,NaN,5.148,4.5,114.8,0 / 1,334025,2020-03-19 20:43:30:337
0.469264,3.8403,8.882488,8.0,49.842022,24.044632,334.0,NaN,5.148,4.5,114.8,0 / 1,334525,2020-03-19 20:43:30:837
0.287304,3.921703,8.90643,8.0,49.842022,24.044632,334.0,NaN,5.148,4.5,114.8,4 / 4,335026,2020-03-19 20:43:31:338
0.555455,5.434838,7.843405,8.0,49.842022,24.044632,334.0,NaN,5.148,4.5,114.8,13 / 13,335525,2020-03-19 20:43:31:837